wellName,datasetName,Formation,MD,DTc,DTs,E_DYN,G_DYN,K_DYN,Lame_K-G,M_K-G,PhiMac,PhiMic,PR,RHOB,SSVE,SVEL,VPVS,ECGR,PEFZ
,,,m,us/ft,us/ft,Pa,Pa,Pa,Pa,Pa,v/v,v/v,,g/cm3,m/s,m/s,,gAPI,b/e
3-BRSA-883-RJS,LQC_ParamElast,Barra Velha,4805,59.70134,106.8854,5.91E+10,2.33E+10,4.32E+10,2.77E+10,7.42E+10,0.001456261,0.005999373,0.2714601,2.847833,2855.851,5105.706,1.789936,51.4029,-9999
3-BRSA-883-RJS,LQC_ParamElast,Barra Velha,4805.1524,61.21442,108.8058,5.51E+10,2.17E+10,3.97E+10,2.52E+10,6.86E+10,0.004367449,0.005129471,0.2684083,2.765884,2801.328,4979.578,1.777559,54.32677,-9999
3-BRSA-883-RJS,LQC_ParamElast,Barra Velha,4805.3048,63.66635,109.6383,5.12E+10,2.06E+10,3.36E+10,1.99E+10,6.10E+10,0.002089808,0.004069338,0.2455051,2.659001,2780.07,4788.372,1.72234,49.55579,4.87871
3-BRSA-883-RJS,LQC_ParamElast,Barra Velha,4805.4572,65.58033,110.6413,4.80E+10,1.95E+10,2.95E+10,1.65E+10,5.55E+10,0.000605209,0.001792375,0.2291606,2.570157,2754.875,4648.142,1.68721,42.536,4.774964
3-BRSA-883-RJS,LQC_ParamElast,Barra Velha,4805.6096,68.39549,114.7082,4.34E+10,1.77E+10,2.62E+10,1.44E+10,4.99E+10,0.003337481,0.000198177,0.2241915,2.508841,2657.653,4457.403,1.677164,33.59218,4.639115
3-BRSA-883-RJS,LQC_ParamElast,Barra Velha,4805.762,69.02538,118.1452,4.05E+10,1.63E+10,2.60E+10,1.52E+10,4.78E+10,0.009556098,0.000780217,0.2407447,2.452025,2580.104,4415.776,1.711601,25.16328,4.540737
3-BRSA-883-RJS,LQC_ParamElast,Barra Velha,4805.9144,70.66275,121.4247,3.74E+10,1.50E+10,2.43E+10,1.43E+10,4.43E+10,0.01455308,0.003940848,0.2439541,2.382158,2510.406,4313.78,1.718365,20.13413,4.519042
3-BRSA-883-RJS,LQC_ParamElast,Barra Velha,4806.0668,72.13675,124.3869,3.48E+10,1.40E+10,2.29E+10,1.36E+10,4.15E+10,0.02731897,0.00694115,0.2466056,2.324697,2450.573,4225.495,1.724306,21.76788,4.549812
3-BRSA-883-RJS,LQC_ParamElast,Barra Velha,4806.2192,71.84694,124.6263,3.47E+10,1.39E+10,2.32E+10,1.40E+10,4.17E+10,0.05148195,0.004535479,0.2510991,2.315485,2445.712,4242.378,1.734618,22.44789,4.579702
3-BRSA-883-RJS,LQC_ParamElast,Barra Velha,4806.3716,71.60847,125.5272,3.48E+10,1.38E+10,2.41E+10,1.48E+10,4.25E+10,0.07306707,0.01746436,0.2587683,2.344981,2428.179,4256.482,1.752972,27.45717,4.639883
3-BRSA-883-RJS,LQC_ParamElast,Barra Velha,4806.524,71.53738,123.8815,3.61E+10,1.45E+10,2.41E+10,1.44E+10,4.33E+10,0.08387311,0.05270819,0.2497979,2.387492,2460.489,4260.71,1.731701,29.2466,4.73132
3-BRSA-883-RJS,LQC_ParamElast,Barra Velha,4806.6764,70.34154,125.0531,3.67E+10,1.45E+10,2.65E+10,1.68E+10,4.58E+10,0.08511981,0.09700343,0.2684257,2.437636,2437.413,4333.324,1.777922,38.6471,4.778058
3-BRSA-883-RJS,LQC_ParamElast,Barra Velha,4806.8288,69.66882,124.3916,3.78E+10,1.49E+10,2.76E+10,1.77E+10,4.74E+10,0.09026814,0.09637109,0.271471,2.475352,2450.344,4375.018,1.785471,41.94888,4.769383
3-BRSA-883-RJS,LQC_ParamElast,Barra Velha,4806.9812,69.37527,124.5096,3.81E+10,1.50E+10,2.82E+10,1.83E+10,4.82E+10,0.1064997,0.05214516,0.2748758,2.494948,2448.005,4393.503,1.79473,49.45089,4.710406
3-BRSA-883-RJS,LQC_ParamElast,Barra Velha,4807.1336,69.28696,126.8331,3.71E+10,1.44E+10,2.91E+10,1.95E+10,4.83E+10,0.1305451,0.01987484,0.2872401,2.497619,2403.275,4399.097,1.830552,52.37117,4.583184
3-BRSA-883-RJS,LQC_ParamElast,Barra Velha,4807.286,71.09955,127.0672,3.67E+10,1.44E+10,2.68E+10,1.72E+10,4.60E+10,0.1509537,0.02052261,0.2720086,2.503851,2398.731,4287.372,1.787356,47.81467,4.37952
3-BRSA-883-RJS,LQC_ParamElast,Barra Velha,4807.4384,72.79759,129.7397,3.53E+10,1.39E+10,2.56E+10,1.64E+10,4.42E+10,0.1484589,0.02770024,0.2702423,2.520006,2349.471,4187.194,1.782192,32.33989,4.176376
3-BRSA-883-RJS,LQC_ParamElast,Barra Velha,4807.5908,72.72694,122.1538,3.86E+10,1.58E+10,2.34E+10,1.29E+10,4.44E+10,0.1351499,0.04008457,0.2243292,2.526942,2496.705,4191.028,1.679564,17.05597,4.054261
3-BRSA-883-RJS,LQC_ParamElast,Barra Velha,4807.7432,72.2844,120.4194,3.92E+10,1.61E+10,2.32E+10,1.25E+10,4.47E+10,0.1169324,0.06052269,0.2183512,2.51392,2531.162,4216.696,1.665912,13.25014,4.051322
3-BRSA-883-RJS,LQC_ParamElast,Barra Velha,4807.8956,73.728,119.03,3.87E+10,1.63E+10,2.07E+10,9.88E+09,4.24E+10,0.110191,0.06241747,0.1884607,2.481558,2560.745,4134.373,1.614602,12.14815,4.090012
3-BRSA-883-RJS,LQC_ParamElast,Barra Velha,4808.048,73.51947,117.7365,3.89E+10,1.65E+10,2.03E+10,9.31E+09,4.23E+10,0.1199108,0.04023531,0.1804189,2.461313,2588.864,4145.861,1.601429,13.91008,4.072938
3-BRSA-883-RJS,LQC_ParamElast,Barra Velha,4808.2004,74.36762,116.772,3.89E+10,1.68E+10,1.90E+10,7.81E+09,4.13E+10,0.1359455,0.01759139,0.1586924,2.460749,2610.233,4098.65,1.570254,16.54024,3.985671
3-BRSA-883-RJS,LQC_ParamElast,Barra Velha,4808.3528,71.7085,112.1641,4.24E+10,1.84E+10,2.04E+10,8.20E+09,4.49E+10,0.1421019,0.03457157,0.1543594,2.485589,2718.068,4251.464,1.564158,22.05372,3.802141
3-BRSA-883-RJS,LQC_ParamElast,Barra Velha,4808.5052,70.60782,108.8862,4.48E+10,1.97E+10,2.06E+10,7.44E+09,4.68E+10,0.1291662,0.06385218,0.1370653,2.512873,2799.486,4316.863,1.542096,33.12024,3.582711
3-BRSA-883-RJS,LQC_ParamElast,Barra Velha,4808.6576,71.04651,108.302,4.51E+10,2.01E+10,1.99E+10,6.50E+09,4.67E+10,0.1125532,0.07931008,0.1222441,2.535958,2814.354,4290.185,1.524398,41.09553,3.430194
3-BRSA-883-RJS,LQC_ParamElast,Barra Velha,4808.81,73.20713,109.6344,4.31E+10,1.97E+10,1.79E+10,4.78E+09,4.41E+10,0.1039623,0.0667352,0.09760447,2.54278,2780.213,4164.038,1.497695,48.64007,3.515636
3-BRSA-883-RJS,LQC_ParamElast,Barra Velha,4808.9624,74.63865,111.4963,4.15E+10,1.90E+10,1.70E+10,4.39E+09,4.24E+10,0.106848,0.02365343,0.093986,2.539291,2733.813,4083.814,1.493815,52.16951,3.788676
3-BRSA-883-RJS,LQC_ParamElast,Barra Velha,4809.1148,73.78281,124.4526,3.73E+10,1.53E+10,2.29E+10,1.27E+10,4.33E+10,0.1093007,0.03840976,0.2236026,2.53427,2453.262,4131.159,1.687138,51.23444,4.067656
3-BRSA-883-RJS,LQC_ParamElast,Barra Velha,4809.2672,72.12145,115.4448,4.14E+10,1.76E+10,2.15E+10,9.75E+09,4.50E+10,0.1171046,0.05277371,0.1777818,2.517714,2643.431,4226.473,1.600344,45.78183,4.260002
3-BRSA-883-RJS,LQC_ParamElast,Barra Velha,4809.4196,71.29804,112.4347,4.26E+10,1.83E+10,2.11E+10,8.91E+09,4.55E+10,0.1249876,0.06145703,0.1637004,2.490613,2710.968,4275.057,1.57696,34.15263,4.431846
3-BRSA-883-RJS,LQC_ParamElast,Barra Velha,4809.572,71.90627,112.2659,4.17E+10,1.81E+10,2.00E+10,7.92E+09,4.41E+10,0.1319685,0.06228045,0.1521697,2.454071,2714.983,4238.91,1.561302,25.84821,4.578276
3-BRSA-883-RJS,LQC_ParamElast,Barra Velha,4809.7244,72.32474,111.6567,4.14E+10,1.82E+10,1.91E+10,6.97E+09,4.33E+10,0.144358,0.0436719,0.1385258,2.438736,2729.809,4214.337,1.543834,20.01506,4.602798
3-BRSA-883-RJS,LQC_ParamElast,Barra Velha,4809.8768,70.54446,114.6135,4.13E+10,1.73E+10,2.26E+10,1.11E+10,4.56E+10,0.1616643,0.01546778,0.1940723,2.444359,2659.657,4321.098,1.625017,17.70431,4.436553
3-BRSA-883-RJS,LQC_ParamElast,Barra Velha,4810.0292,70.97525,112.8356,4.22E+10,1.80E+10,2.15E+10,9.48E+09,4.55E+10,0.1704055,0.005144074,0.1723244,2.465488,2701.427,4294.517,1.589857,16.86483,4.16103
3-BRSA-883-RJS,LQC_ParamElast,Barra Velha,4810.1816,72.4674,116.5809,4.02E+10,1.70E+10,2.13E+10,9.96E+09,4.39E+10,0.1718544,0.002962795,0.1849861,2.481138,2614.98,4206.261,1.608662,16.93374,3.925809
3-BRSA-883-RJS,LQC_ParamElast,Barra Velha,4810.334,73.32613,119.6913,3.86E+10,1.61E+10,2.14E+10,1.07E+10,4.29E+10,0.1696265,0.001004659,0.1995271,2.481257,2546.719,4156.821,1.632288,14.86812,3.876069
3-BRSA-883-RJS,LQC_ParamElast,Barra Velha,4810.4864,71.62931,118.0678,3.97E+10,1.64E+10,2.27E+10,1.18E+10,4.47E+10,0.1672295,9.79E-05,0.2087897,2.465377,2581.674,4255.626,1.648366,13.33377,4.013725
3-BRSA-883-RJS,LQC_ParamElast,Barra Velha,4810.6388,69.90447,117.7757,4.01E+10,1.63E+10,2.46E+10,1.37E+10,4.64E+10,0.1671501,2.89E-06,0.2279633,2.437964,2587.969,4360.512,1.684917,12.89888,4.205923
3-BRSA-883-RJS,LQC_ParamElast,Barra Velha,4810.7912,70.98539,118.2868,3.90E+10,1.60E+10,2.31E+10,1.24E+10,4.45E+10,0.1691732,0.000893099,0.2185521,2.41226,2576.796,4294.056,1.666417,14.01392,4.356813
3-BRSA-883-RJS,LQC_ParamElast,Barra Velha,4810.9436,71.59122,117.5093,3.89E+10,1.62E+10,2.20E+10,1.12E+10,4.35E+10,0.1698842,0.006510173,0.2048186,2.40131,2593.857,4257.527,1.641411,13.34738,4.419851
3-BRSA-883-RJS,LQC_ParamElast,Barra Velha,4811.096,71.86281,119.3841,3.81E+10,1.57E+10,2.23E+10,1.19E+10,4.32E+10,0.1675417,0.01743976,0.2158098,2.402184,2553.211,4241.42,1.661268,13.36866,4.440753
3-BRSA-883-RJS,LQC_ParamElast,Barra Velha,4811.2484,72.86701,121.0471,3.69E+10,1.52E+10,2.17E+10,1.15E+10,4.19E+10,0.162801,0.0300599,0.215847,2.396226,2518.077,4183.074,1.661212,11.39635,4.537793
3-BRSA-883-RJS,LQC_ParamElast,Barra Velha,4811.4008,72.65476,125.5909,3.50E+10,1.40E+10,2.32E+10,1.38E+10,4.19E+10,0.1594418,0.02583699,0.2480484,2.382664,2427.369,4195.198,1.728647,11.84037,4.780948
3-BRSA-883-RJS,LQC_ParamElast,Barra Velha,4811.5532,71.5286,126.1978,3.50E+10,1.39E+10,2.47E+10,1.54E+10,4.32E+10,0.1518921,0.01709654,0.2633091,2.376297,2415.256,4261.372,1.764356,13.14791,5.114874
3-BRSA-883-RJS,LQC_ParamElast,Barra Velha,4811.7056,72.24783,125.9117,3.51E+10,1.40E+10,2.38E+10,1.45E+10,4.25E+10,0.1412412,0.009161773,0.2545367,2.387323,2420.746,4218.905,1.74282,14.21007,5.301615
3-BRSA-883-RJS,LQC_ParamElast,Barra Velha,4811.858,70.82336,125.3486,3.58E+10,1.42E+10,2.55E+10,1.60E+10,4.44E+10,0.1282822,0.005279746,0.2654901,2.394055,2431.625,4303.965,1.769977,14.94496,5.241171
3-BRSA-883-RJS,LQC_ParamElast,Barra Velha,4812.0104,67.82121,124.971,3.68E+10,1.43E+10,2.95E+10,1.99E+10,4.85E+10,0.112096,0.008325473,0.2910935,2.398902,2438.968,4495.241,1.843067,14.81302,5.003183
3-BRSA-883-RJS,LQC_ParamElast,Barra Velha,4812.1628,68.86591,125.3404,3.65E+10,1.42E+10,2.82E+10,1.87E+10,4.72E+10,0.1036529,0.01095988,0.2837627,2.40679,2431.781,4426.289,1.820167,16.39523,4.858823
3-BRSA-883-RJS,LQC_ParamElast,Barra Velha,4812.3152,67.83567,124.2999,3.75E+10,1.46E+10,2.95E+10,1.98E+10,4.89E+10,0.1019133,0.01176614,0.2879139,2.423035,2452.163,4493.431,1.832414,17.81903,4.918514
3-BRSA-883-RJS,LQC_ParamElast,Barra Velha,4812.4676,67.63006,121.7373,3.91E+10,1.53E+10,2.92E+10,1.90E+10,4.96E+10,0.1051996,0.01361458,0.2767195,2.44067,2503.893,4506.872,1.800045,18.4188,5.099413
3-BRSA-883-RJS,LQC_ParamElast,Barra Velha,4812.62,68.94132,121.3176,3.92E+10,1.55E+10,2.74E+10,1.70E+10,4.81E+10,0.111854,0.01563666,0.2614635,2.459211,2512.413,4421.392,1.759822,19.39927,5.293158
3-BRSA-883-RJS,LQC_ParamElast,Barra Velha,4812.7724,69.80904,121.2541,3.94E+10,1.57E+10,2.65E+10,1.60E+10,4.75E+10,0.1200034,0.01213265,0.2520851,2.492451,2513.73,4366.257,1.736965,19.11427,5.381842
3-BRSA-883-RJS,LQC_ParamElast,Barra Velha,4812.9248,69.77123,120.3798,4.05E+10,1.63E+10,2.67E+10,1.59E+10,4.84E+10,0.1287704,0.008549961,0.2470614,2.535034,2532.006,4368.565,1.725347,19.34146,5.308136
3-BRSA-883-RJS,LQC_ParamElast,Barra Velha,4813.0772,70.20274,120.3694,4.10E+10,1.65E+10,2.65E+10,1.55E+10,4.85E+10,0.1337312,0.005856921,0.2422428,2.575089,2532.205,4341.738,1.714606,21.72035,5.043089
3-BRSA-883-RJS,LQC_ParamElast,Barra Velha,4813.2296,70.37873,120.655,4.10E+10,1.65E+10,2.65E+10,1.55E+10,4.85E+10,0.1322468,0.005309809,0.2421423,2.585135,2526.213,4330.855,1.714367,27.60836,4.805958
3-BRSA-883-RJS,LQC_ParamElast,Barra Velha,4813.382,70.07632,120.9943,4.06E+10,1.63E+10,2.68E+10,1.60E+10,4.85E+10,0.1262082,0.006648946,0.2476136,2.564154,2519.13,4349.556,1.726615,36.3476,4.753215
3-BRSA-883-RJS,LQC_ParamElast,Barra Velha,4813.5344,70.04386,120.7684,4.02E+10,1.61E+10,2.64E+10,1.57E+10,4.79E+10,0.1223103,0.007670674,0.2465524,2.531935,2523.84,4351.559,1.724183,46.47792,4.792611
3-BRSA-883-RJS,LQC_ParamElast,Barra Velha,4813.6868,69.6585,120.2654,4.03E+10,1.61E+10,2.66E+10,1.58E+10,4.81E+10,0.1163127,0.007398853,0.2475774,2.512675,2534.4,4375.652,1.726503,47.92854,4.792116
3-BRSA-883-RJS,LQC_ParamElast,Barra Velha,4813.8392,69.31043,119.4426,4.05E+10,1.62E+10,2.66E+10,1.58E+10,4.82E+10,0.1185315,0.003902449,0.2461594,2.494543,2551.869,4397.618,1.723296,42.98482,4.752958
3-BRSA-883-RJS,LQC_ParamElast,Barra Velha,4813.9916,68.28454,118.5208,4.13E+10,1.65E+10,2.77E+10,1.67E+10,4.97E+10,0.121355,0.000909372,0.2515637,2.494423,2571.719,4463.81,1.735717,31.30662,4.717489
3-BRSA-883-RJS,LQC_ParamElast,Barra Velha,4814.144,65.80546,116.0052,4.38E+10,1.73E+10,3.08E+10,1.92E+10,5.39E+10,0.1205502,0.000763723,0.2627667,2.51181,2627.632,4632.669,1.762983,23.49028,4.629603
3-BRSA-883-RJS,LQC_ParamElast,Barra Velha,4814.2964,63.65519,111.5022,4.83E+10,1.92E+10,3.33E+10,2.05E+10,5.89E+10,0.1192046,0.003233735,0.2582117,2.567227,2734.12,4788.853,1.751596,19.16336,4.438831
3-BRSA-883-RJS,LQC_ParamElast,Barra Velha,4814.4488,63.31762,110.8736,4.88E+10,1.94E+10,3.36E+10,2.07E+10,5.95E+10,0.1177439,0.006886215,0.2580153,2.565925,2749.076,4813.827,1.75107,15.48643,4.269594
3-BRSA-883-RJS,LQC_ParamElast,Barra Velha,4814.6012,62.92104,110.3957,4.88E+10,1.94E+10,3.38E+10,2.09E+10,5.96E+10,0.117048,0.007481122,0.2594206,2.540488,2760.984,4844.193,1.754515,14.9374,4.225896
3-BRSA-883-RJS,LQC_ParamElast,Barra Velha,4814.7536,62.81091,109.6653,4.84E+10,1.93E+10,3.30E+10,2.02E+10,5.87E+10,0.1158047,0.005607121,0.2558965,2.492747,2779.381,4852.661,1.745958,16.71093,4.314045
3-BRSA-883-RJS,LQC_ParamElast,Barra Velha,4814.906,63.21155,111.6712,4.70E+10,1.86E+10,3.32E+10,2.08E+10,5.80E+10,0.1139526,0.002708531,0.2642106,2.493283,2729.588,4821.934,1.766605,19.73444,4.405191
3-BRSA-883-RJS,LQC_ParamElast,Barra Velha,4815.0584,63.65835,109.0004,4.86E+10,1.96E+10,3.13E+10,1.82E+10,5.74E+10,0.1132619,0.000326852,0.2408977,2.502724,2796.621,4788.086,1.712324,19.73589,4.453878
3-BRSA-883-RJS,LQC_ParamElast,Barra Velha,4815.2108,64.40392,108.0274,4.90E+10,2.00E+10,2.96E+10,1.63E+10,5.64E+10,0.1110996,1.18E-05,0.2242288,2.515815,2821.516,4732.712,1.677384,17.66302,4.428348
3-BRSA-883-RJS,LQC_ParamElast,Barra Velha,4815.3632,63.1061,107.4869,5.03E+10,2.03E+10,3.19E+10,1.83E+10,5.90E+10,0.1090076,3.63E-06,0.2369491,2.527779,2835.702,4830.305,1.703371,15.51072,4.386129
3-BRSA-883-RJS,LQC_ParamElast,Barra Velha,4815.5156,61.91973,106.9316,5.15E+10,2.06E+10,3.40E+10,2.03E+10,6.15E+10,0.1094585,0.000271374,0.2477544,2.538791,2850.428,4922.682,1.726984,16.75809,4.325583
3-BRSA-883-RJS,LQC_ParamElast,Barra Velha,4815.668,62.18221,107.0002,5.14E+10,2.06E+10,3.36E+10,1.98E+10,6.11E+10,0.111616,0.000963881,0.245023,2.542274,2848.593,4901.754,1.720762,19.66154,4.30344
3-BRSA-883-RJS,LQC_ParamElast,Barra Velha,4815.8204,61.73638,106.7137,5.17E+10,2.07E+10,3.43E+10,2.05E+10,6.19E+10,0.1108113,0.002060779,0.2484681,2.539788,2856.245,4937.17,1.728549,22.92123,4.331659
3-BRSA-883-RJS,LQC_ParamElast,Barra Velha,4815.9728,62.44978,105.8607,5.19E+10,2.11E+10,3.24E+10,1.84E+10,6.05E+10,0.105016,0.004389165,0.2330233,2.539486,2879.28,4880.838,1.695198,22.22534,4.35643
3-BRSA-883-RJS,LQC_ParamElast,Barra Velha,4816.1252,62.6736,105.6788,5.20E+10,2.12E+10,3.19E+10,1.78E+10,6.01E+10,0.09684725,0.006578106,0.2287305,2.543072,2884.211,4863.293,1.686178,22.04144,4.338869
3-BRSA-883-RJS,LQC_ParamElast,Barra Velha,4816.2776,63.33456,104.9563,5.20E+10,2.14E+10,3.03E+10,1.60E+10,5.89E+10,0.08836606,0.008278083,0.2135907,2.540867,2904.086,4812.612,1.657215,25.52346,4.28981
3-BRSA-883-RJS,LQC_ParamElast,Barra Velha,4816.43,63.97263,104.4964,5.17E+10,2.15E+10,2.87E+10,1.44E+10,5.75E+10,0.08465112,0.009507789,0.2002324,2.530763,2916.851,4764.588,1.633479,28.92167,4.215376
3-BRSA-883-RJS,LQC_ParamElast,Barra Velha,4816.5824,63.61651,102.012,5.33E+10,2.26E+10,2.79E+10,1.29E+10,5.80E+10,0.09444292,0.01047735,0.1816689,2.525544,2988.131,4791.242,1.603518,30.20171,4.0776
3-BRSA-883-RJS,LQC_ParamElast,Barra Velha,4816.7348,62.78464,101.4755,5.44E+10,2.29E+10,2.92E+10,1.40E+10,5.97E+10,0.1057998,0.005790857,0.1898499,2.534492,3003.681,4854.797,1.616278,27.81262,3.861014
3-BRSA-883-RJS,LQC_ParamElast,Barra Velha,4816.8872,60.80389,100.8958,5.67E+10,2.33E+10,3.32E+10,1.76E+10,6.43E+10,0.119268,0.001954244,0.2147313,2.556632,3020.952,5013.518,1.659549,27.04436,3.585267
3-BRSA-883-RJS,LQC_ParamElast,Barra Velha,4817.0396,60.07679,100.2264,5.82E+10,2.39E+10,3.46E+10,1.87E+10,6.64E+10,0.1245374,0.000204832,0.2196126,2.580522,3041.129,5073.549,1.668308,23.87894,3.30535
3-BRSA-883-RJS,LQC_ParamElast,Barra Velha,4817.192,60.50036,100.3164,5.81E+10,2.39E+10,3.39E+10,1.79E+10,6.58E+10,0.1178643,7.94E-06,0.2141703,2.591535,3038.388,5038.036,1.658125,20.58034,3.126121
3-BRSA-883-RJS,LQC_ParamElast,Barra Velha,4817.3444,61.62603,100.7921,5.68E+10,2.36E+10,3.17E+10,1.60E+10,6.32E+10,0.1052682,6.03E-06,0.2014639,2.58417,3024.054,4946.178,1.635598,20.7626,3.091538
3-BRSA-883-RJS,LQC_ParamElast,Barra Velha,4817.4968,62.59325,101.8275,5.48E+10,2.29E+10,3.01E+10,1.48E+10,6.06E+10,0.09357142,6.32E-05,0.196331,2.554199,2993.338,4869.657,1.626824,24.34543,3.213452
3-BRSA-883-RJS,LQC_ParamElast,Barra Velha,4817.6492,62.1565,102.7526,5.38E+10,2.22E+10,3.11E+10,1.63E+10,6.07E+10,0.08565539,0.005678769,0.2113748,2.523832,2966.373,4903.809,1.653164,28.63071,3.36965
3-BRSA-883-RJS,LQC_ParamElast,Barra Velha,4817.8016,61.93027,103.7727,5.29E+10,2.16E+10,3.19E+10,1.75E+10,6.07E+10,0.08514135,0.01035113,0.2233773,2.504857,2937.221,4921.668,1.675645,31.11798,3.581145
3-BRSA-883-RJS,LQC_ParamElast,Barra Velha,4817.954,60.9375,105.7611,5.21E+10,2.08E+10,3.50E+10,2.11E+10,6.27E+10,0.09268095,0.01031202,0.2512521,2.506411,2882.099,5002.031,1.735702,35.23195,3.90504
3-BRSA-883-RJS,LQC_ParamElast,Barra Velha,4818.1064,60.10084,107.9802,5.15E+10,2.02E+10,3.82E+10,2.48E+10,6.52E+10,0.105296,0.007098855,0.275402,2.532949,2822.877,5071.575,1.79674,37.89246,4.354077
3-BRSA-883-RJS,LQC_ParamElast,Barra Velha,4818.2588,59.25133,110.1399,5.09E+10,1.96E+10,4.17E+10,2.86E+10,6.79E+10,0.1107001,0.005939683,0.296217,2.564943,2767.51,5144.308,1.858961,37.89003,4.771033
3-BRSA-883-RJS,LQC_ParamElast,Barra Velha,4818.4112,58.49117,110.7099,5.12E+10,1.96E+10,4.41E+10,3.10E+10,7.02E+10,0.1109118,0.0040009,0.3063705,2.584712,2753.145,5211.137,1.892805,36.59393,4.982031
3-BRSA-883-RJS,LQC_ParamElast,Barra Velha,4818.5636,58.69657,110.6966,5.11E+10,1.96E+10,4.36E+10,3.05E+10,6.97E+10,0.1077741,0.002316248,0.3044293,2.583562,2753.472,5192.828,1.885921,38.42968,4.946544
3-BRSA-883-RJS,LQC_ParamElast,Barra Velha,4818.716,59.70174,110.7711,5.05E+10,1.95E+10,4.11E+10,2.81E+10,6.71E+10,0.1037223,0.002084225,0.2952701,2.573471,2751.619,5105.576,1.855477,42.11293,4.734079
3-BRSA-883-RJS,LQC_ParamElast,Barra Velha,4818.8684,61.08478,110.9802,4.97E+10,1.94E+10,3.81E+10,2.52E+10,6.39E+10,0.1022916,0.003824737,0.2826486,2.566051,2746.438,4990.096,1.816925,43.26027,4.443688
3-BRSA-883-RJS,LQC_ParamElast,Barra Velha,4819.0208,63.10105,111.3753,4.85E+10,1.92E+10,3.42E+10,2.14E+10,5.98E+10,0.1128557,0.008480735,0.2635427,2.562992,2736.698,4830.964,1.76523,45.66005,4.1278
3-BRSA-883-RJS,LQC_ParamElast,Barra Velha,4819.1732,63.74113,111.8585,4.80E+10,1.90E+10,3.33E+10,2.06E+10,5.87E+10,0.1300934,0.01179185,0.2595726,2.564942,2724.877,4781.865,1.75489,47.48621,3.846623
3-BRSA-883-RJS,LQC_ParamElast,Barra Velha,4819.3256,64.19267,111.8516,4.77E+10,1.90E+10,3.24E+10,1.97E+10,5.77E+10,0.1453566,0.01236916,0.2544226,2.560962,2725.039,4748.232,1.742447,51.5109,3.666429
3-BRSA-883-RJS,LQC_ParamElast,Barra Velha,4819.478,66.25883,111.8625,4.66E+10,1.89E+10,2.88E+10,1.61E+10,5.40E+10,0.1495486,0.01176763,0.2295952,2.551078,2724.775,4600.781,1.688498,49.62759,3.57702
3-BRSA-883-RJS,LQC_ParamElast,Barra Velha,4819.6304,68.39507,117.5945,4.23E+10,1.70E+10,2.75E+10,1.62E+10,5.02E+10,0.1332339,0.01430225,0.2441752,2.526823,2592.905,4456.949,1.71919,42.27094,3.507313
3-BRSA-883-RJS,LQC_ParamElast,Barra Velha,4819.7828,69.34603,113.845,4.30E+10,1.79E+10,2.43E+10,1.24E+10,4.81E+10,0.1041993,0.0167827,0.2042558,2.491893,2677.948,4395.412,1.641814,30.82857,3.45401
3-BRSA-883-RJS,LQC_ParamElast,Barra Velha,4819.9352,70.07507,115.831,4.09E+10,1.69E+10,2.36E+10,1.24E+10,4.61E+10,0.09134443,0.01671138,0.2112698,2.438321,2631.628,4349.672,1.652925,19.33877,3.447175
3-BRSA-883-RJS,LQC_ParamElast,Barra Velha,4820.0876,70.08809,116.7311,3.99E+10,1.64E+10,2.36E+10,1.27E+10,4.54E+10,0.09701908,0.01361328,0.2181195,2.402263,2611.136,4348.814,1.665493,12.30698,3.569546
3-BRSA-883-RJS,LQC_ParamElast,Barra Velha,4820.24,69.89603,116.4407,4.04E+10,1.66E+10,2.39E+10,1.29E+10,4.61E+10,0.1135945,0.008200584,0.2183516,2.421642,2617.646,4360.768,1.665912,8.363275,3.812121
3-BRSA-883-RJS,LQC_ParamElast,Barra Velha,4820.3924,70.04643,115.3199,4.19E+10,1.74E+10,2.39E+10,1.23E+10,4.70E+10,0.1269518,0.002251678,0.2076283,2.483939,2643.116,4351.404,1.646342,10.97182,4.026031
3-BRSA-883-RJS,LQC_ParamElast,Barra Velha,4820.5448,67.67049,112.4764,4.52E+10,1.86E+10,2.66E+10,1.42E+10,5.14E+10,0.1267627,0.001489449,0.216342,2.531703,2710.125,4504.993,1.662217,13.86622,4.124693
3-BRSA-883-RJS,LQC_ParamElast,Barra Velha,4820.6972,68.25136,111.2292,4.54E+10,1.90E+10,2.51E+10,1.24E+10,5.04E+10,0.1193064,0.003026848,0.1979232,2.525161,2740.311,4465.97,1.629771,18.67549,4.123468
3-BRSA-883-RJS,LQC_ParamElast,Barra Velha,4820.8496,68.20905,110.1743,4.54E+10,1.91E+10,2.43E+10,1.16E+10,4.98E+10,0.1112732,0.003846457,0.1892354,2.492791,2766.553,4468.62,1.615241,14.23416,4.140022
3-BRSA-883-RJS,LQC_ParamElast,Barra Velha,4821.002,68.33785,108.7762,4.56E+10,1.94E+10,2.33E+10,1.04E+10,4.92E+10,0.1063203,0.002734922,0.1739005,2.47368,2802.137,4460.196,1.59175,12.6245,4.166269
3-BRSA-883-RJS,LQC_ParamElast,Barra Velha,4821.1544,67.5986,108.0406,4.65E+10,1.97E+10,2.41E+10,1.09E+10,5.04E+10,0.104953,0.000342052,0.1783388,2.480328,2821.171,4509.053,1.598284,8.98175,4.132949
3-BRSA-883-RJS,LQC_ParamElast,Barra Velha,4821.3068,66.54507,114.2531,4.42E+10,1.78E+10,2.87E+10,1.68E+10,5.24E+10,0.1049497,2.63E-05,0.2418322,2.496511,2669.014,4580.487,1.717174,12.77828,4.043431
3-BRSA-883-RJS,LQC_ParamElast,Barra Velha,4821.4592,65.52061,108.1906,4.84E+10,2.00E+10,2.78E+10,1.44E+10,5.45E+10,0.1064795,0.000273962,0.2094963,2.516387,2818.896,4652.096,1.65108,16.20648,3.946736
3-BRSA-883-RJS,LQC_ParamElast,Barra Velha,4821.6116,65.00209,107.2103,4.96E+10,2.05E+10,2.85E+10,1.48E+10,5.58E+10,0.1072406,0.002531694,0.2093445,2.538496,2843.011,4689.104,1.649345,17.55993,3.870582
3-BRSA-883-RJS,LQC_ParamElast,Barra Velha,4821.764,64.71666,107.582,4.99E+10,2.05E+10,2.93E+10,1.57E+10,5.67E+10,0.1065724,0.007167599,0.2164468,2.555903,2833.192,4709.77,1.66236,18.02227,3.848445
3-BRSA-883-RJS,LQC_ParamElast,Barra Velha,4821.9164,64.61388,107.97,4.98E+10,2.04E+10,2.98E+10,1.62E+10,5.70E+10,0.1061841,0.0126796,0.2210161,2.559278,2823.01,4717.253,1.671005,19.12061,3.895964
3-BRSA-883-RJS,LQC_ParamElast,Barra Velha,4822.0688,65.21065,110.9118,4.77E+10,1.93E+10,3.01E+10,1.72E+10,5.58E+10,0.1130926,0.01430711,0.2357321,2.553447,2748.412,4674.143,1.700784,22.80711,4.024696
3-BRSA-883-RJS,LQC_ParamElast,Barra Velha,4822.2212,64.47591,111.638,4.75E+10,1.90E+10,3.16E+10,1.90E+10,5.70E+10,0.1279937,0.01135833,0.2497023,2.54876,2730.256,4727.459,1.731519,29.45777,4.109605
3-BRSA-883-RJS,LQC_ParamElast,Barra Velha,4822.3736,64.46186,112.0027,4.72E+10,1.89E+10,3.18E+10,1.92E+10,5.69E+10,0.1421501,0.007713305,0.2523419,2.546565,2721.366,4728.379,1.737503,29.95896,4.086204
3-BRSA-883-RJS,LQC_ParamElast,Barra Velha,4822.526,65.28257,111.4243,4.72E+10,1.90E+10,3.01E+10,1.74E+10,5.55E+10,0.1481633,0.004885548,0.238585,2.543854,2735.501,4669.04,1.706857,30.7381,3.896456
3-BRSA-883-RJS,LQC_ParamElast,Barra Velha,4822.6784,66.76201,113.0204,4.55E+10,1.85E+10,2.83E+10,1.60E+10,5.29E+10,0.1415927,0.001011278,0.232031,2.536754,2696.949,4565.755,1.692913,31.297,3.66338
3-BRSA-883-RJS,LQC_ParamElast,Barra Velha,4822.8308,67.47755,114.8889,4.40E+10,1.78E+10,2.78E+10,1.60E+10,5.16E+10,0.1315829,0.000588564,0.2366748,2.526741,2653.076,4517.097,1.702612,38.18105,3.543139
3-BRSA-883-RJS,LQC_ParamElast,Barra Velha,4822.9832,68.99454,117.5531,4.18E+10,1.69E+10,2.65E+10,1.52E+10,4.90E+10,0.1293376,0.000450835,0.2372499,2.510475,2593.037,4418.031,1.703804,44.03306,3.595008
3-BRSA-883-RJS,LQC_ParamElast,Barra Velha,4823.1356,69.408,118.5287,4.09E+10,1.65E+10,2.61E+10,1.51E+10,4.81E+10,0.1342812,0.000216286,0.239074,2.495748,2571.541,4391.43,1.707707,44.74537,3.749068
3-BRSA-883-RJS,LQC_ParamElast,Barra Velha,4823.288,69.7062,118.9767,4.03E+10,1.63E+10,2.57E+10,1.49E+10,4.74E+10,0.1417226,0.000526767,0.2386675,2.478284,2561.85,4372.647,1.706831,36.49043,3.827466
3-BRSA-883-RJS,LQC_ParamElast,Barra Velha,4823.4404,69.71902,119.1553,3.98E+10,1.61E+10,2.55E+10,1.48E+10,4.69E+10,0.1442452,0.002510652,0.2397117,2.45585,2558.007,4371.834,1.709079,27.83927,3.826003
3-BRSA-883-RJS,LQC_ParamElast,Barra Velha,4823.5928,69.76697,118.6617,3.97E+10,1.61E+10,2.50E+10,1.43E+10,4.64E+10,0.1362962,0.003658936,0.2358364,2.433137,2568.655,4368.83,1.70083,19.25434,3.811291
3-BRSA-883-RJS,LQC_ParamElast,Barra Velha,4823.7452,69.65736,117.458,4.01E+10,1.63E+10,2.46E+10,1.37E+10,4.63E+10,0.1289652,0.003268802,0.2287342,2.420747,2595.005,4375.706,1.686222,16.88193,3.906149
3-BRSA-883-RJS,LQC_ParamElast,Barra Velha,4823.8976,68.86456,115.2226,4.15E+10,1.70E+10,2.49E+10,1.36E+10,4.75E+10,0.1233616,0.00260543,0.2221241,2.426464,2645.439,4426.162,1.673158,13.19081,4.06376
3-BRSA-883-RJS,LQC_ParamElast,Barra Velha,4824.05,67.8123,113.5512,4.31E+10,1.76E+10,2.59E+10,1.42E+10,4.94E+10,0.1172479,0.003250239,0.2228285,2.443757,2684.309,4494.885,1.674498,11.6605,4.243383
3-BRSA-883-RJS,LQC_ParamElast,Barra Velha,4824.2024,67.13811,112.2798,4.43E+10,1.81E+10,2.65E+10,1.44E+10,5.07E+10,0.1066446,0.006873006,0.2217286,2.459654,2714.683,4539.937,1.672367,11.87039,4.343009
3-BRSA-883-RJS,LQC_ParamElast,Barra Velha,4824.3548,66.54011,111.6606,4.51E+10,1.84E+10,2.73E+10,1.50E+10,5.18E+10,0.1038217,0.007761453,0.224669,2.468534,2729.708,4580.737,1.678102,12.08814,4.361884
3-BRSA-883-RJS,LQC_ParamElast,Barra Velha,4824.5072,66.65629,111.7442,4.51E+10,1.84E+10,2.72E+10,1.49E+10,5.18E+10,0.1051511,0.006318876,0.2238177,2.474943,2727.658,4572.717,1.676426,13.61672,4.387735
3-BRSA-883-RJS,LQC_ParamElast,Barra Velha,4824.6596,66.95558,112.7328,4.46E+10,1.82E+10,2.73E+10,1.52E+10,5.15E+10,0.1100462,0.003494259,0.2274866,2.484679,2703.767,4552.283,1.683692,13.25163,4.4989
3-BRSA-883-RJS,LQC_ParamElast,Barra Velha,4824.812,67.9311,116.5471,4.24E+10,1.71E+10,2.74E+10,1.61E+10,5.02E+10,0.1154413,0.000732673,0.2426081,2.492714,2615.645,4487.026,1.715604,17.33217,4.661493
3-BRSA-883-RJS,LQC_ParamElast,Barra Velha,4824.9644,69.10635,117.78,4.13E+10,1.67E+10,2.62E+10,1.51E+10,4.85E+10,0.1144531,0.00013616,0.237488,2.493613,2587.889,4410.742,1.704365,21.68842,4.783716
3-BRSA-883-RJS,LQC_ParamElast,Barra Velha,4825.1168,69.91682,117.7235,4.09E+10,1.67E+10,2.50E+10,1.39E+10,4.72E+10,0.1053961,0.000416486,0.2275055,2.485949,2589.12,4359.524,1.68379,26.5206,4.902979
3-BRSA-883-RJS,LQC_ParamElast,Barra Velha,4825.2692,69.83961,118.1576,4.07E+10,1.65E+10,2.52E+10,1.42E+10,4.73E+10,0.09989594,0.00092161,0.2315084,2.480843,2579.61,4364.289,1.691846,29.71575,5.043459
3-BRSA-883-RJS,LQC_ParamElast,Barra Velha,4825.4216,67.51831,116.2159,4.26E+10,1.71E+10,2.79E+10,1.65E+10,5.07E+10,0.09940825,0.001429448,0.2452335,2.486153,2622.82,4515.08,1.72139,30.32787,5.125669
3-BRSA-883-RJS,LQC_ParamElast,Barra Velha,4825.574,67.40127,115.0284,4.36E+10,1.76E+10,2.78E+10,1.61E+10,5.13E+10,0.103349,0.001532597,0.2385376,2.508853,2649.805,4522.178,1.706629,29.97882,4.984029
3-BRSA-883-RJS,LQC_ParamElast,Barra Velha,4825.7264,68.34174,114.1794,4.41E+10,1.81E+10,2.63E+10,1.43E+10,5.04E+10,0.1108279,0.000566902,0.2207778,2.533874,2669.498,4460.057,1.670778,23.98823,4.65661
3-BRSA-883-RJS,LQC_ParamElast,Barra Velha,4825.8788,67.87872,112.1209,4.54E+10,1.88E+10,2.62E+10,1.37E+10,5.12E+10,0.1142225,0.000476229,0.2106768,2.539303,2718.615,4490.413,1.651764,19.32628,4.338217
3-BRSA-883-RJS,LQC_ParamElast,Barra Velha,4826.0312,67.08363,111.6336,4.59E+10,1.88E+10,2.71E+10,1.45E+10,5.22E+10,0.1131214,0.002080387,0.2173741,2.528295,2730.363,4543.656,1.664118,15.8684,4.152714
3-BRSA-883-RJS,LQC_ParamElast,Barra Velha,4826.1836,68.52277,111.7262,4.49E+10,1.87E+10,2.48E+10,1.24E+10,4.98E+10,0.1111023,0.005209381,0.1984214,2.517338,2728.097,4448.496,1.630616,17.88064,4.132998
3-BRSA-883-RJS,LQC_ParamElast,Barra Velha,4826.336,67.18909,112.0436,4.54E+10,1.86E+10,2.70E+10,1.46E+10,5.18E+10,0.1098062,0.009569143,0.2190785,2.516222,2720.373,4536.805,1.667731,18.36307,4.168401
3-BRSA-883-RJS,LQC_ParamElast,Barra Velha,4826.4884,68.56977,112.4558,4.45E+10,1.85E+10,2.51E+10,1.28E+10,4.98E+10,0.108181,0.01485304,0.2039986,2.517358,2710.403,4445.477,1.640137,18.02625,4.217577
3-BRSA-883-RJS,LQC_ParamElast,Barra Velha,4826.6408,67.43637,112.8406,4.48E+10,1.83E+10,2.69E+10,1.47E+10,5.13E+10,0.1060526,0.01634733,0.2220826,2.511616,2701.16,4520.087,1.673404,16.29605,4.222372
3-BRSA-883-RJS,LQC_ParamElast,Barra Velha,4826.7932,68.75221,112.8054,4.41E+10,1.83E+10,2.49E+10,1.27E+10,4.93E+10,0.109239,0.01335094,0.2043839,2.507833,2701.998,4433.637,1.640878,17.60025,4.181289
3-BRSA-883-RJS,LQC_ParamElast,Barra Velha,4826.9456,68.72501,112.0688,4.44E+10,1.85E+10,2.46E+10,1.22E+10,4.92E+10,0.1162959,0.007901741,0.1986332,2.503745,2719.774,4435.075,1.630682,18.75458,4.134699
3-BRSA-883-RJS,LQC_ParamElast,Barra Velha,4827.098,69.20545,111.2005,4.46E+10,1.88E+10,2.35E+10,1.10E+10,4.86E+10,0.1228424,0.002857564,0.1838486,2.504997,2741.013,4404.313,1.606843,20.25029,4.110415
3-BRSA-883-RJS,LQC_ParamElast,Barra Velha,4827.2504,69.51021,111.1266,4.45E+10,1.89E+10,2.31E+10,1.05E+10,4.82E+10,0.1225031,0.001669901,0.1786347,2.506923,2742.817,4384.975,1.598712,21.57135,4.102635
3-BRSA-883-RJS,LQC_ParamElast,Barra Velha,4827.4028,66.4968,110.6662,4.63E+10,1.90E+10,2.74E+10,1.47E+10,5.27E+10,0.122695,0.001116512,0.2170983,2.507939,2754.237,4585.047,1.664684,24.99026,4.101357
3-BRSA-883-RJS,LQC_ParamElast,Barra Velha,4827.5552,65.8002,110.3032,4.69E+10,1.92E+10,2.83E+10,1.55E+10,5.38E+10,0.1214862,0.000491352,0.2237722,2.509593,2763.296,4632.214,1.676336,28.05864,4.060623
3-BRSA-883-RJS,LQC_ParamElast,Barra Velha,4827.7076,65.61057,109.6407,4.74E+10,1.94E+10,2.83E+10,1.54E+10,5.42E+10,0.1258272,0.000703248,0.2210585,2.509424,2780.002,4645.598,1.671082,25.9013,3.999892
3-BRSA-883-RJS,LQC_ParamElast,Barra Velha,4827.86,65.94334,110.4646,4.68E+10,1.91E+10,2.82E+10,1.54E+10,5.37E+10,0.1342274,0.003500868,0.2231566,2.511636,2759.284,4622.17,1.67514,23.13169,3.896392
3-BRSA-883-RJS,LQC_ParamElast,Barra Velha,4828.0124,66.28801,108.9182,4.76E+10,1.97E+10,2.70E+10,1.38E+10,5.33E+10,0.1337194,0.01141101,0.2057185,2.520089,2798.528,4598.13,1.643126,20.30394,3.739161
3-BRSA-883-RJS,LQC_ParamElast,Barra Velha,4828.1648,65.67158,108.9927,4.80E+10,1.97E+10,2.81E+10,1.49E+10,5.44E+10,0.1372716,0.01611042,0.2149729,2.523706,2796.522,4641.346,1.659695,21.38871,3.609846
3-BRSA-883-RJS,LQC_ParamElast,Barra Velha,4828.3172,67.77599,110.5217,4.60E+10,1.92E+10,2.55E+10,1.27E+10,5.11E+10,0.1326376,0.01077555,0.1985902,2.523838,2757.903,4497.888,1.630845,20.72289,3.59219
3-BRSA-883-RJS,LQC_ParamElast,Barra Velha,4828.4696,66.16494,110.2128,4.72E+10,1.94E+10,2.79E+10,1.50E+10,5.37E+10,0.1243041,0.00375483,0.2181395,2.531765,2765.569,4607.237,1.665899,20.7372,3.654976
3-BRSA-883-RJS,LQC_ParamElast,Barra Velha,4828.622,66.03407,110.0009,4.76E+10,1.95E+10,2.81E+10,1.51E+10,5.42E+10,0.1161584,0.000375824,0.2183002,2.542081,2770.886,4615.803,1.665823,21.19221,3.73115
3-BRSA-883-RJS,LQC_ParamElast,Barra Velha,4828.7744,66.65228,111.0134,4.67E+10,1.92E+10,2.76E+10,1.48E+10,5.32E+10,0.1078349,7.51E-06,0.218165,2.542062,2745.65,4573.042,1.665559,23.1495,3.835536
3-BRSA-883-RJS,LQC_ParamElast,Barra Velha,4828.9268,66.78095,111.3348,4.59E+10,1.88E+10,2.72E+10,1.47E+10,5.23E+10,0.0938012,9.18E-06,0.2190117,2.512674,2737.69,4564.176,1.667164,29.46241,3.997637
3-BRSA-883-RJS,LQC_ParamElast,Barra Velha,4829.0792,66.83912,111.742,4.53E+10,1.85E+10,2.71E+10,1.47E+10,5.18E+10,0.0815568,0.000170531,0.2214353,2.491592,2727.717,4560.204,1.671805,41.2069,4.048833
3-BRSA-883-RJS,LQC_ParamElast,Barra Velha,4829.2316,68.58009,111.165,4.46E+10,1.87E+10,2.42E+10,1.17E+10,4.91E+10,0.08101476,0.000204879,0.1925206,2.48701,2741.883,4444.867,1.621143,50.4191,3.890169
3-BRSA-883-RJS,LQC_ParamElast,Barra Velha,4829.384,68.57246,110.9906,4.50E+10,1.89E+10,2.43E+10,1.17E+10,4.95E+10,0.09580317,0.000183977,0.1913237,2.503386,2746.177,4444.943,1.618592,47.39428,3.577473
3-BRSA-883-RJS,LQC_ParamElast,Barra Velha,4829.5364,68.18459,111.3357,4.53E+10,1.89E+10,2.52E+10,1.26E+10,5.04E+10,0.1222716,0.000669148,0.199899,2.520753,2737.671,4470.235,1.632867,35.69523,3.29925
3-BRSA-883-RJS,LQC_ParamElast,Barra Velha,4829.6888,68.255,111.689,4.52E+10,1.88E+10,2.53E+10,1.27E+10,5.03E+10,0.1532481,0.00203886,0.2019612,2.522948,2729.01,4465.609,1.636348,25.31219,3.21698
3-BRSA-883-RJS,LQC_ParamElast,Barra Velha,4829.8412,70.71588,111.8692,4.35E+10,1.86E+10,2.18E+10,9.39E+09,4.67E+10,0.1710361,0.001210022,0.1669265,2.509694,2724.61,4310.988,1.58223,21.22571,3.378347
3-BRSA-883-RJS,LQC_ParamElast,Barra Velha,4829.9936,71.1133,111.94,4.28E+10,1.84E+10,2.11E+10,8.80E+09,4.56E+10,0.1775389,0.00015521,0.1616625,2.482781,2722.888,4286.118,1.574108,20.95383,3.776093
3-BRSA-883-RJS,LQC_ParamElast,Barra Velha,4830.146,71.30499,114.7737,4.12E+10,1.74E+10,2.19E+10,1.03E+10,4.50E+10,0.1763265,0.001119083,0.1854832,2.465214,2655.904,4274.6,1.609603,19.56934,4.161199
3-BRSA-883-RJS,LQC_ParamElast,Barra Velha,4830.2984,73.0315,118.3198,3.89E+10,1.63E+10,2.11E+10,1.02E+10,4.28E+10,0.1693079,0.005716573,0.1922526,2.457924,2576.341,4173.882,1.620102,17.85779,4.380563
3-BRSA-883-RJS,LQC_ParamElast,Barra Velha,4830.4508,70.57156,119.0771,3.95E+10,1.61E+10,2.44E+10,1.36E+10,4.58E+10,0.1610829,0.006669332,0.2289424,2.453654,2559.689,4319.931,1.687703,13.96007,4.442984
3-BRSA-883-RJS,LQC_ParamElast,Barra Velha,4830.6032,70.052,118.8693,3.96E+10,1.61E+10,2.48E+10,1.41E+10,4.62E+10,0.1570089,0.00648402,0.2339537,2.441915,2564.164,4351.055,1.696871,13.73664,4.477318
3-BRSA-883-RJS,LQC_ParamElast,Barra Velha,4830.7556,68.95181,118.6807,3.99E+10,1.60E+10,2.61E+10,1.54E+10,4.74E+10,0.1572145,0.00828627,0.2451979,2.426242,2568.237,4420.637,1.721269,13.73131,4.532145
3-BRSA-883-RJS,LQC_ParamElast,Barra Velha,4830.908,69.16706,118.8788,3.96E+10,1.59E+10,2.58E+10,1.52E+10,4.70E+10,0.1592931,0.01229509,0.2441132,2.421245,2563.957,4406.741,1.718725,14.59862,4.589505
3-BRSA-883-RJS,LQC_ParamElast,Barra Velha,4831.0604,69.0435,119.1117,3.98E+10,1.60E+10,2.62E+10,1.56E+10,4.75E+10,0.1588237,0.01556613,0.2469864,2.435999,2558.943,4414.613,1.725172,14.83472,4.644538
3-BRSA-883-RJS,LQC_ParamElast,Barra Velha,4831.2128,69.09693,119.1408,3.99E+10,1.60E+10,2.63E+10,1.56E+10,4.76E+10,0.1503734,0.01503909,0.2465859,2.44623,2558.318,4411.195,1.724256,15.45726,4.747015
3-BRSA-883-RJS,LQC_ParamElast,Barra Velha,4831.3652,69.52838,119.2946,3.99E+10,1.60E+10,2.58E+10,1.51E+10,4.72E+10,0.1384888,0.01090513,0.2427765,2.457451,2555.021,4383.845,1.715775,14.62151,4.831372
3-BRSA-883-RJS,LQC_ParamElast,Barra Velha,4831.5176,69.42737,119.0245,4.01E+10,1.61E+10,2.59E+10,1.51E+10,4.74E+10,0.1292182,0.005515585,0.2421453,2.45906,2560.821,4390.203,1.714374,14.84794,4.916205
3-BRSA-883-RJS,LQC_ParamElast,Barra Velha,4831.67,69.79028,119.0747,4.00E+10,1.61E+10,2.55E+10,1.47E+10,4.70E+10,0.125966,0.001346498,0.2383596,2.462473,2559.738,4367.39,1.706186,15.71974,4.966725
3-BRSA-883-RJS,LQC_ParamElast,Barra Velha,4831.8224,69.84463,119.0065,4.00E+10,1.61E+10,2.53E+10,1.46E+10,4.69E+10,0.1291001,0.000731347,0.2372831,2.461117,2561.205,4363.973,1.703875,18.95449,4.9808
3-BRSA-883-RJS,LQC_ParamElast,Barra Velha,4831.9748,70.33079,118.6503,4.00E+10,1.63E+10,2.46E+10,1.38E+10,4.63E+10,0.1292496,0.001629898,0.2291335,2.465831,2568.897,4333.837,1.687049,21.7736,4.909662
3-BRSA-883-RJS,LQC_ParamElast,Barra Velha,4832.1272,70.06792,117.3849,4.08E+10,1.67E+10,2.46E+10,1.34E+10,4.68E+10,0.1222533,0.0043102,0.2232294,2.472725,2596.626,4350.08,1.675296,24.2808,4.807093
3-BRSA-883-RJS,LQC_ParamElast,Barra Velha,4832.2796,68.18897,112.6875,4.39E+10,1.81E+10,2.53E+10,1.32E+10,4.95E+10,0.1195242,0.006915845,0.2110458,2.478422,2705.447,4470.396,1.652491,26.71674,4.713181
3-BRSA-883-RJS,LQC_ParamElast,Barra Velha,4832.432,67.79321,110.9579,4.51E+10,1.88E+10,2.53E+10,1.27E+10,5.03E+10,0.1253829,0.007811407,0.2021484,2.487318,2747.024,4496.028,1.636708,26.49996,4.636584
3-BRSA-883-RJS,LQC_ParamElast,Barra Velha,4832.5844,66.9332,111.0854,4.59E+10,1.89E+10,2.69E+10,1.43E+10,5.21E+10,0.1335367,0.006048526,0.2149502,2.510298,2743.838,4553.899,1.659692,25.58284,4.514769
3-BRSA-883-RJS,LQC_ParamElast,Barra Velha,4832.7368,67.03014,108.0985,4.79E+10,2.02E+10,2.56E+10,1.21E+10,5.25E+10,0.1425036,0.003091902,0.1872834,2.539354,2819.969,4547.216,1.61271,22.50498,4.348547
3-BRSA-883-RJS,LQC_ParamElast,Barra Velha,4832.8892,65.51862,107.3373,4.96E+10,2.06E+10,2.79E+10,1.41E+10,5.53E+10,0.1515516,0.00109584,0.2029822,2.556293,2839.65,4652.487,1.638387,19.6328,4.197675
3-BRSA-883-RJS,LQC_ParamElast,Barra Velha,4833.0416,65.6376,107.4382,4.93E+10,2.05E+10,2.76E+10,1.39E+10,5.50E+10,0.1599414,0.000194837,0.2022436,2.549682,2836.982,4643.699,1.636844,17.03955,4.139636
3-BRSA-883-RJS,LQC_ParamElast,Barra Velha,4833.194,65.27641,108.9629,4.81E+10,1.97E+10,2.86E+10,1.55E+10,5.49E+10,0.1665519,2.76E-05,0.2199838,2.520023,2797.362,4669.402,1.669285,15.95709,4.199389
3-BRSA-883-RJS,LQC_ParamElast,Barra Velha,4833.3464,64.77754,107.7434,4.85E+10,1.99E+10,2.86E+10,1.53E+10,5.51E+10,0.1698214,1.45E-05,0.2169354,2.490191,2829.018,4705.366,1.663272,15.16254,4.291324
3-BRSA-883-RJS,LQC_ParamElast,Barra Velha,4833.4988,66.24306,107.8385,4.72E+10,1.97E+10,2.60E+10,1.28E+10,5.23E+10,0.1600257,0.002037137,0.1969032,2.469984,2826.452,4601.606,1.628036,15.924,4.412718
3-BRSA-883-RJS,LQC_ParamElast,Barra Velha,4833.6512,66.61497,110.6561,4.56E+10,1.87E+10,2.67E+10,1.42E+10,5.17E+10,0.1477885,0.001333344,0.2156065,2.469636,2754.74,4575.551,1.661118,15.92278,4.548505
3-BRSA-883-RJS,LQC_ParamElast,Barra Velha,4833.8036,66.69675,111.4421,4.52E+10,1.85E+10,2.70E+10,1.47E+10,5.17E+10,0.1384958,0.000174501,0.2209537,2.477167,2735.056,4569.938,1.670877,16.9762,4.697253
3-BRSA-883-RJS,LQC_ParamElast,Barra Velha,4833.956,66.34766,110.5355,4.58E+10,1.88E+10,2.71E+10,1.46E+10,5.22E+10,0.1344656,1.48E-05,0.2183942,2.474193,2757.517,4594.002,1.666,19.04419,4.789144
3-BRSA-883-RJS,LQC_ParamElast,Barra Velha,4834.1084,66.38271,112.9546,4.44E+10,1.80E+10,2.81E+10,1.61E+10,5.20E+10,0.1359203,4.22E-06,0.2360446,2.467655,2698.639,4591.558,1.701559,20.31589,4.804257
3-BRSA-883-RJS,LQC_ParamElast,Barra Velha,4834.2608,66.34283,113.9437,4.38E+10,1.76E+10,2.85E+10,1.67E+10,5.20E+10,0.1438748,0.000345245,0.2435532,2.461227,2675.016,4594.317,1.7175,20.72456,4.805189
3-BRSA-883-RJS,LQC_ParamElast,Barra Velha,4834.4132,66.9091,115.1104,4.30E+10,1.73E+10,2.81E+10,1.66E+10,5.11E+10,0.1604285,0.000224584,0.244868,2.463387,2647.927,4555.484,1.720399,21.82994,4.799753
3-BRSA-883-RJS,LQC_ParamElast,Barra Velha,4834.5656,67.26004,118.537,4.11E+10,1.63E+10,2.88E+10,1.80E+10,5.05E+10,0.1778822,2.82E-05,0.2624179,2.460241,2571.644,4531.676,1.762345,22.26067,4.783007
3-BRSA-883-RJS,LQC_ParamElast,Barra Velha,4834.718,66.43862,120.5082,4.01E+10,1.56E+10,3.06E+10,2.02E+10,5.14E+10,0.1875635,4.84E-06,0.2815417,2.444313,2529.347,4587.805,1.813914,23.33133,4.769087
3-BRSA-883-RJS,LQC_ParamElast,Barra Velha,4834.8704,67.14318,121.876,3.91E+10,1.52E+10,2.99E+10,1.97E+10,5.02E+10,0.181366,1.29E-05,0.2821203,2.437145,2500.935,4539.656,1.815176,24.66535,4.727873
3-BRSA-883-RJS,LQC_ParamElast,Barra Velha,4835.0228,68.00057,123.2758,3.82E+10,1.49E+10,2.91E+10,1.92E+10,4.89E+10,0.1661983,2.01E-05,0.2813238,2.436263,2472.54,4482.393,1.812867,22.56292,4.696049
3-BRSA-883-RJS,LQC_ParamElast,Barra Velha,4835.1752,70.04029,125.3892,3.66E+10,1.44E+10,2.69E+10,1.73E+10,4.61E+10,0.1550016,0.00292087,0.2732379,2.434597,2430.917,4352.281,1.790335,23.86631,4.65949
3-BRSA-883-RJS,LQC_ParamElast,Barra Velha,4835.3276,70.23483,123.7062,3.72E+10,1.47E+10,2.60E+10,1.62E+10,4.57E+10,0.1524393,0.006139109,0.2621058,2.424336,2463.993,4339.728,1.761317,21.66724,4.595817
3-BRSA-883-RJS,LQC_ParamElast,Barra Velha,4835.48,69.31996,121.587,3.82E+10,1.52E+10,2.64E+10,1.63E+10,4.67E+10,0.1547424,0.006726165,0.2592071,2.414258,2506.929,4397.111,1.75399,24.42827,4.532091
3-BRSA-883-RJS,LQC_ParamElast,Barra Velha,4835.6324,68.78867,121.0803,3.86E+10,1.53E+10,2.70E+10,1.68E+10,4.74E+10,0.1499624,0.002304574,0.2617019,2.416672,2517.339,4430.984,1.760183,22.90466,4.47426
3-BRSA-883-RJS,LQC_ParamElast,Barra Velha,4835.7848,68.64626,118.9424,3.97E+10,1.59E+10,2.65E+10,1.59E+10,4.77E+10,0.1418512,0.000508294,0.2502001,2.419468,2562.702,4440.156,1.732681,21.7807,4.503747
3-BRSA-883-RJS,LQC_ParamElast,Barra Velha,4835.9372,68.94193,119.6547,3.91E+10,1.56E+10,2.63E+10,1.58E+10,4.71E+10,0.1354359,5.70E-05,0.2515165,2.410252,2547.359,4421.125,1.735582,21.97105,4.602717
3-BRSA-883-RJS,LQC_ParamElast,Barra Velha,4836.0896,68.12029,118.3239,3.99E+10,1.59E+10,2.68E+10,1.62E+10,4.81E+10,0.1350671,2.21E-05,0.2521219,2.400376,2576.038,4474.543,1.736986,19.68332,4.958143
3-BRSA-883-RJS,LQC_ParamElast,Barra Velha,4836.242,69.44176,118.245,3.95E+10,1.60E+10,2.50E+10,1.44E+10,4.63E+10,0.1404207,0.000673601,0.2367067,2.401721,2577.699,4389.577,1.702899,18.25554,5.432718
3-BRSA-883-RJS,LQC_ParamElast,Barra Velha,4836.3944,68.54,117.6943,4.06E+10,1.63E+10,2.63E+10,1.55E+10,4.81E+10,0.1458927,0.003337683,0.243395,2.43135,2589.769,4447.209,1.717209,16.56923,5.793859
3-BRSA-883-RJS,LQC_ParamElast,Barra Velha,4836.5468,67.8016,115.6175,4.23E+10,1.71E+10,2.69E+10,1.55E+10,4.96E+10,0.1489711,0.01128732,0.2378895,2.455767,2636.393,4495.517,1.705214,14.73652,5.721632
3-BRSA-883-RJS,LQC_ParamElast,Barra Velha,4836.6992,66.6637,114.5543,4.33E+10,1.74E+10,2.82E+10,1.66E+10,5.15E+10,0.1528911,0.0154415,0.2439588,2.461099,2660.765,4572.37,1.718427,15.79926,5.339881
3-BRSA-883-RJS,LQC_ParamElast,Barra Velha,4836.8516,65.94576,111.9296,4.47E+10,1.81E+10,2.80E+10,1.60E+10,5.22E+10,0.1567679,0.01392005,0.2340869,2.443112,2723.34,4622.029,1.697268,15.73413,4.914591
3-BRSA-883-RJS,LQC_ParamElast,Barra Velha,4837.004,65.6664,111.0276,4.51E+10,1.83E+10,2.79E+10,1.57E+10,5.24E+10,0.1589065,0.009542271,0.2309998,2.430577,2745.272,4641.649,1.690781,19.85053,4.610855
3-BRSA-883-RJS,LQC_ParamElast,Barra Velha,4837.1564,65.6722,112.0332,4.45E+10,1.80E+10,2.83E+10,1.64E+10,5.23E+10,0.1575105,0.008985322,0.2382282,2.427737,2720.659,4641.233,1.705945,20.28537,4.510266
3-BRSA-883-RJS,LQC_ParamElast,Barra Velha,4837.3088,66.03694,112.2291,4.43E+10,1.79E+10,2.79E+10,1.59E+10,5.18E+10,0.1678484,0.005054269,0.2352019,2.432414,2715.874,4615.619,1.699496,21.42076,4.546011
3-BRSA-883-RJS,LQC_ParamElast,Barra Velha,4837.4612,66.07224,112.1777,4.44E+10,1.80E+10,2.79E+10,1.59E+10,5.18E+10,0.176421,0.002313765,0.2344013,2.435343,2717.117,4613.133,1.697804,18.70711,4.66232
3-BRSA-883-RJS,LQC_ParamElast,Barra Velha,4837.6136,66.17799,111.3161,4.49E+10,1.83E+10,2.74E+10,1.52E+10,5.18E+10,0.1801746,0.002450213,0.2266552,2.442125,2738.173,4605.763,1.682075,15.67165,4.748935
3-BRSA-883-RJS,LQC_ParamElast,Barra Velha,4837.766,66.61714,112.5156,4.42E+10,1.80E+10,2.73E+10,1.53E+10,5.12E+10,0.1800136,0.004647546,0.2301071,2.445947,2709.014,4575.427,1.68898,11.35067,4.792477
3-BRSA-883-RJS,LQC_ParamElast,Barra Velha,4837.9184,67.08247,113.4203,4.32E+10,1.76E+10,2.68E+10,1.51E+10,5.02E+10,0.1788335,0.006052383,0.2309897,2.430364,2687.365,4543.685,1.690759,11.42776,4.785293
3-BRSA-883-RJS,LQC_ParamElast,Barra Velha,4838.0708,65.7662,115.1188,4.23E+10,1.68E+10,2.91E+10,1.79E+10,5.16E+10,0.1819961,0.00305146,0.2574975,2.399772,2647.776,4634.893,1.750609,14.3326,4.73041
3-BRSA-883-RJS,LQC_ParamElast,Barra Velha,4838.2232,67.04749,115.7833,4.09E+10,1.64E+10,2.70E+10,1.61E+10,4.89E+10,0.1856477,0.001282457,0.2476976,2.365012,2632.509,4546.367,1.726991,15.42923,4.674932
3-BRSA-883-RJS,LQC_ParamElast,Barra Velha,4838.3756,66.64307,116.3319,4.06E+10,1.62E+10,2.77E+10,1.69E+10,4.93E+10,0.1886047,0.001538178,0.2557172,2.354508,2620.096,4573.677,1.745629,16.63551,4.585409
3-BRSA-883-RJS,LQC_ParamElast,Barra Velha,4838.528,66.47813,117.7958,4.01E+10,1.58E+10,2.86E+10,1.81E+10,4.97E+10,0.190394,0.002977568,0.2662927,2.366335,2587.582,4584.968,1.771952,13.33501,4.511226
3-BRSA-883-RJS,LQC_ParamElast,Barra Velha,4838.6804,67.2263,118.6029,3.97E+10,1.57E+10,2.80E+10,1.75E+10,4.90E+10,0.1906672,0.003938313,0.2633132,2.38141,2569.93,4534.025,1.764252,13.50149,4.44484
3-BRSA-883-RJS,LQC_ParamElast,Barra Velha,4838.8328,68.65628,118.7626,3.93E+10,1.57E+10,2.61E+10,1.56E+10,4.70E+10,0.187496,0.001237467,0.2489729,2.385809,2566.464,4439.752,1.729907,12.97921,4.430591
3-BRSA-883-RJS,LQC_ParamElast,Barra Velha,4838.9852,69.00056,119.3472,3.87E+10,1.55E+10,2.57E+10,1.53E+10,4.63E+10,0.182805,0.000118433,0.2489564,2.37314,2553.903,4417.359,1.729654,15.36541,4.460546
3-BRSA-883-RJS,LQC_ParamElast,Barra Velha,4839.1376,68.64641,119.8881,3.83E+10,1.53E+10,2.62E+10,1.60E+10,4.65E+10,0.1794133,1.02E-05,0.2560936,2.359998,2542.377,4440.164,1.746471,16.4767,4.523418
3-BRSA-883-RJS,LQC_ParamElast,Barra Velha,4839.29,68.29512,120.5487,3.81E+10,1.51E+10,2.69E+10,1.68E+10,4.69E+10,0.1791672,7.25E-05,0.263646,2.356485,2528.448,4462.996,1.765125,14.74987,4.581242
3-BRSA-883-RJS,LQC_ParamElast,Barra Velha,4839.4424,67.56238,120.5244,3.84E+10,1.51E+10,2.80E+10,1.79E+10,4.81E+10,0.182747,0.000356917,0.2708716,2.363409,2528.95,4511.455,1.783922,14.32041,4.624276
3-BRSA-883-RJS,LQC_ParamElast,Barra Velha,4839.5948,67.10116,120.5774,3.87E+10,1.52E+10,2.87E+10,1.86E+10,4.90E+10,0.1747885,0.001007905,0.2756819,2.372753,2527.837,4542.415,1.796958,13.90612,4.63452
3-BRSA-883-RJS,LQC_ParamElast,Barra Velha,4839.7472,67.0675,120.6399,3.86E+10,1.51E+10,2.88E+10,1.87E+10,4.90E+10,0.1552698,0.000586458,0.2763484,2.371364,2526.528,4544.676,1.798783,16.95905,4.641184
3-BRSA-883-RJS,LQC_ParamElast,Barra Velha,4839.8996,66.82004,120.5311,3.86E+10,1.51E+10,2.90E+10,1.89E+10,4.92E+10,0.1397209,6.82E-05,0.2781475,2.363341,2528.807,4561.516,1.80382,19.7859,4.61791
3-BRSA-883-RJS,LQC_ParamElast,Barra Velha,4840.052,66.89748,120.6306,3.84E+10,1.50E+10,2.88E+10,1.88E+10,4.89E+10,0.1365346,0.000318823,0.2779346,2.35503,2526.722,4556.227,1.803217,20.87952,4.569414
3-BRSA-883-RJS,LQC_ParamElast,Barra Velha,4840.2044,66.48455,120.5668,3.86E+10,1.51E+10,2.95E+10,1.94E+10,4.96E+10,0.1437206,0.001629191,0.2815241,2.357552,2528.059,4584.552,1.813466,21.74247,4.488281
3-BRSA-883-RJS,LQC_ParamElast,Barra Velha,4840.3568,65.89814,119.885,3.94E+10,1.53E+10,3.03E+10,2.01E+10,5.07E+10,0.1503959,0.00755413,0.2835182,2.371381,2542.449,4625.363,1.819251,22.17849,4.397594
3-BRSA-883-RJS,LQC_ParamElast,Barra Velha,4840.5092,65.13878,118.5665,4.06E+10,1.58E+10,3.13E+10,2.07E+10,5.23E+10,0.1517739,0.01001906,0.2838473,2.390248,2570.749,4679.316,1.820214,25.78693,4.341121
3-BRSA-883-RJS,LQC_ParamElast,Barra Velha,4840.6616,64.75864,117.5938,4.16E+10,1.62E+10,3.18E+10,2.10E+10,5.34E+10,0.1512726,0.008476128,0.282362,2.412126,2591.99,4706.721,1.815876,25.34076,4.369096
3-BRSA-883-RJS,LQC_ParamElast,Barra Velha,4840.814,63.68366,116.705,4.27E+10,1.66E+10,3.36E+10,2.25E+10,5.57E+10,0.1508587,0.004845596,0.2879797,2.431092,2611.73,4786.341,1.832615,26.65211,4.432465
3-BRSA-883-RJS,LQC_ParamElast,Barra Velha,4840.9664,63.30753,114.8832,4.42E+10,1.73E+10,3.38E+10,2.23E+10,5.68E+10,0.1496237,0.002302103,0.2819214,2.451381,2653.216,4814.602,1.814674,25.05252,4.446065
3-BRSA-883-RJS,LQC_ParamElast,Barra Velha,4841.1188,62.56573,113.591,4.56E+10,1.78E+10,3.49E+10,2.30E+10,5.86E+10,0.1489436,0.001714828,0.2822509,2.467994,2683.344,4871.767,1.815553,26.76635,4.364891
3-BRSA-883-RJS,LQC_ParamElast,Barra Velha,4841.2712,62.48677,112.3892,4.64E+10,1.82E+10,3.46E+10,2.25E+10,5.88E+10,0.1473568,0.000775653,0.2762647,2.472756,2712.038,4877.833,1.79861,26.80137,4.270228
3-BRSA-883-RJS,LQC_ParamElast,Barra Velha,4841.4236,63.60145,111.9299,4.62E+10,1.83E+10,3.23E+10,2.01E+10,5.67E+10,0.1444242,8.97E-05,0.2615122,2.468851,2723.136,4792.562,1.759957,29.84448,4.272598
3-BRSA-883-RJS,LQC_ParamElast,Barra Velha,4841.576,63.13551,112.0513,4.61E+10,1.82E+10,3.30E+10,2.09E+10,5.72E+10,0.1408378,3.54E-06,0.2674018,2.45523,2720.184,4827.782,1.774804,30.7093,4.367373
3-BRSA-883-RJS,LQC_ParamElast,Barra Velha,4841.7284,62.98318,112.1872,4.59E+10,1.81E+10,3.33E+10,2.12E+10,5.74E+10,0.1383336,2.89E-06,0.2698772,2.449656,2716.889,4839.388,1.781225,30.05582,4.480765
3-BRSA-883-RJS,LQC_ParamElast,Barra Velha,4841.8808,62.92353,112.056,4.60E+10,1.81E+10,3.33E+10,2.12E+10,5.75E+10,0.1377273,2.88E-06,0.2697286,2.448936,2720.069,4843.976,1.780829,28.75567,4.540247
3-BRSA-883-RJS,LQC_ParamElast,Barra Velha,4842.0332,62.65361,111.6021,4.65E+10,1.83E+10,3.37E+10,2.15E+10,5.81E+10,0.1275212,2.88E-06,0.2698899,2.456889,2731.137,4864.855,1.781256,30.08257,4.548937
3-BRSA-883-RJS,LQC_ParamElast,Barra Velha,4842.1856,62.39392,111.206,4.71E+10,1.85E+10,3.41E+10,2.18E+10,5.88E+10,0.1061509,7.68E-05,0.2702911,2.465797,2740.864,4885.1,1.782321,32.75843,4.526453
3-BRSA-883-RJS,LQC_ParamElast,Barra Velha,4842.338,61.77991,110.7477,4.78E+10,1.88E+10,3.53E+10,2.28E+10,6.03E+10,0.08021917,0.00055174,0.2741082,2.477557,2752.208,4933.707,1.79263,30.61095,4.421278
3-BRSA-883-RJS,LQC_ParamElast,Barra Velha,4842.4904,61.01741,109.7431,4.91E+10,1.92E+10,3.65E+10,2.37E+10,6.22E+10,0.06371502,0.002032609,0.2762668,2.491008,2777.427,4995.385,1.79856,26.92484,4.264173
3-BRSA-883-RJS,LQC_ParamElast,Barra Velha,4842.6428,60.46437,108.1681,5.07E+10,1.99E+10,3.72E+10,2.39E+10,6.38E+10,0.07373095,0.000846104,0.272753,2.510586,2817.908,5041.026,1.788945,23.22731,4.100264
3-BRSA-883-RJS,LQC_ParamElast,Barra Velha,4842.7952,59.44387,106.6471,5.29E+10,2.08E+10,3.91E+10,2.53E+10,6.68E+10,0.09778851,0.000167505,0.2746481,2.541095,2858.087,5127.718,1.794097,23.2331,3.993824
3-BRSA-883-RJS,LQC_ParamElast,Barra Velha,4842.9476,57.19897,101.9216,5.84E+10,2.30E+10,4.23E+10,2.70E+10,7.30E+10,0.1167576,2.22E-05,0.2700846,2.569519,2991.374,5329.799,1.781807,22.10509,3.953089
3-BRSA-883-RJS,LQC_ParamElast,Barra Velha,4843.1,55.94934,101.0419,6.04E+10,2.36E+10,4.55E+10,2.98E+10,7.70E+10,0.1209064,0.000351417,0.2788794,2.595383,3016.571,5448.009,1.806019,22.36129,3.954291
3-BRSA-883-RJS,LQC_ParamElast,Barra Velha,4843.2524,55.72005,100.4528,6.14E+10,2.40E+10,4.61E+10,3.01E+10,7.81E+10,0.1116683,0.001720032,0.277787,2.611466,3034.274,5470.206,1.802811,21.26892,4.00562
3-BRSA-883-RJS,LQC_ParamElast,Barra Velha,4843.4048,55.76728,99.99363,6.19E+10,2.43E+10,4.57E+10,2.95E+10,7.81E+10,0.09443787,0.006225676,0.2742651,2.615888,3048.201,5465.572,1.793054,19.62458,4.025977
3-BRSA-883-RJS,LQC_ParamElast,Barra Velha,4843.5572,55.97325,100.0638,6.09E+10,2.39E+10,4.46E+10,2.86E+10,7.65E+10,0.09038369,0.007944992,0.2723022,2.57905,3046.058,5445.468,1.787709,19.6395,4.044101
3-BRSA-883-RJS,LQC_ParamElast,Barra Velha,4843.7096,56.1743,100.2274,5.96E+10,2.35E+10,4.34E+10,2.78E+10,7.47E+10,0.0899338,0.007215916,0.2710041,2.536201,3041.086,5425.976,1.784223,20.54808,4.018768
3-BRSA-883-RJS,LQC_ParamElast,Barra Velha,4843.862,56.64489,100.2028,5.93E+10,2.34E+10,4.21E+10,2.64E+10,7.33E+10,0.08470641,0.005699345,0.2651636,2.530717,3041.831,5380.94,1.768982,22.29899,4.035381
3-BRSA-883-RJS,LQC_ParamElast,Barra Velha,4844.0144,57.37411,100.1397,5.95E+10,2.37E+10,4.06E+10,2.48E+10,7.22E+10,0.07327707,0.005308047,0.2556398,2.559378,3043.747,5312.606,1.745418,19.64869,4.192068
3-BRSA-883-RJS,LQC_ParamElast,Barra Velha,4844.1668,57.49499,100.1181,6.01E+10,2.40E+10,4.07E+10,2.48E+10,7.27E+10,0.0671844,0.00625945,0.2539675,2.587552,3044.404,5301.332,1.741336,18.44968,4.372292
3-BRSA-883-RJS,LQC_ParamElast,Barra Velha,4844.3192,56.57897,100.5167,6.04E+10,2.38E+10,4.34E+10,2.75E+10,7.52E+10,0.06539539,0.008061791,0.2680434,2.590307,3032.34,5387.368,1.776658,18.84357,4.560859
3-BRSA-883-RJS,LQC_ParamElast,Barra Velha,4844.4716,55.76999,100.938,6.05E+10,2.36E+10,4.59E+10,3.02E+10,7.74E+10,0.06785168,0.01122929,0.2802531,2.592086,3019.68,5465.421,1.809949,25.14139,4.620466
3-BRSA-883-RJS,LQC_ParamElast,Barra Velha,4844.624,55.05873,100.8262,6.12E+10,2.38E+10,4.80E+10,3.22E+10,7.97E+10,0.07355407,0.01456109,0.2875385,2.599809,3023.024,5536.006,1.831277,24.57488,4.669534
3-BRSA-883-RJS,LQC_ParamElast,Barra Velha,4844.7764,54.56663,101.5034,6.10E+10,2.35E+10,5.00E+10,3.43E+10,8.14E+10,0.07989971,0.01470644,0.2967367,2.607251,3002.876,5585.875,1.860202,25.88179,4.687811
3-BRSA-883-RJS,LQC_ParamElast,Barra Velha,4844.9288,54.39359,102.196,6.04E+10,2.32E+10,5.09E+10,3.55E+10,8.19E+10,0.09133232,0.004475864,0.3023599,2.60719,2982.518,5603.605,1.878829,19.385,4.705197
3-BRSA-883-RJS,LQC_ParamElast,Barra Velha,4845.0812,55.00784,103.2333,5.89E+10,2.26E+10,4.95E+10,3.45E+10,7.97E+10,0.098907,0.000400805,0.3017464,2.596241,2952.573,5541.137,1.876709,21.32737,4.752688
3-BRSA-883-RJS,LQC_ParamElast,Barra Velha,4845.2336,55.71455,104.4856,5.71E+10,2.19E+10,4.79E+10,3.33E+10,7.71E+10,0.1042947,7.87E-06,0.3013532,2.576521,2917.198,5470.843,1.875375,21.55904,4.830618
3-BRSA-883-RJS,LQC_ParamElast,Barra Velha,4845.386,57.18729,105.3438,5.53E+10,2.14E+10,4.42E+10,2.99E+10,7.27E+10,0.1083961,0.000546999,0.2910557,2.559332,2893.401,5330.325,1.842203,23.96796,4.91993
3-BRSA-883-RJS,LQC_ParamElast,Barra Velha,4845.5384,58.75812,105.7354,5.40E+10,2.12E+10,4.03E+10,2.62E+10,6.85E+10,0.1090686,0.002775609,0.2765578,2.546783,2882.67,5187.792,1.799633,21.78166,4.969098
3-BRSA-883-RJS,LQC_ParamElast,Barra Velha,4845.6908,59.46295,106.3624,5.32E+10,2.09E+10,3.90E+10,2.51E+10,6.68E+10,0.1074428,0.004423426,0.2726766,2.543932,2865.688,5125.936,1.788723,19.80694,4.958996
3-BRSA-883-RJS,LQC_ParamElast,Barra Velha,4845.8432,59.81303,106.7357,5.27E+10,2.07E+10,3.84E+10,2.46E+10,6.60E+10,0.1075818,0.005515671,0.2711042,2.541943,2855.655,5095.895,1.784491,17.18352,4.985397
3-BRSA-883-RJS,LQC_ParamElast,Barra Velha,4845.9956,59.99754,106.8158,5.24E+10,2.06E+10,3.79E+10,2.41E+10,6.54E+10,0.1091743,0.00612023,0.2695417,2.532836,2853.511,5080.212,1.780337,18.04755,5.084711
3-BRSA-883-RJS,LQC_ParamElast,Barra Velha,4846.148,60.01878,106.9303,5.20E+10,2.05E+10,3.77E+10,2.40E+10,6.49E+10,0.109852,0.00752926,0.2700244,2.518259,2850.456,5078.41,1.781613,18.47427,5.214644
3-BRSA-883-RJS,LQC_ParamElast,Barra Velha,4846.3004,60.61928,106.899,5.16E+10,2.04E+10,3.63E+10,2.27E+10,6.35E+10,0.1056869,0.01250289,0.262989,2.510731,2851.29,5028.177,1.763476,21.95742,5.267391
3-BRSA-883-RJS,LQC_ParamElast,Barra Velha,4846.4528,60.25386,106.6724,5.20E+10,2.05E+10,3.70E+10,2.33E+10,6.43E+10,0.09081963,0.01380185,0.2657233,2.514418,2857.347,5058.639,1.770394,26.48652,5.216414
3-BRSA-883-RJS,LQC_ParamElast,Barra Velha,4846.6052,59.81433,106.4357,5.24E+10,2.06E+10,3.78E+10,2.41E+10,6.53E+10,0.07672299,0.01249593,0.2691993,2.516073,2863.703,5095.798,1.779442,30.13484,5.117594
3-BRSA-883-RJS,LQC_ParamElast,Barra Velha,4846.7576,58.83846,105.9715,5.32E+10,2.08E+10,3.98E+10,2.59E+10,6.76E+10,0.0676591,0.009391307,0.2771514,2.519781,2876.253,5180.47,1.801105,32.29126,4.957159
3-BRSA-883-RJS,LQC_ParamElast,Barra Velha,4846.91,57.51093,105.6525,5.44E+10,2.11E+10,4.31E+10,2.90E+10,7.12E+10,0.06385334,0.005642045,0.289427,2.535145,2884.932,5300.192,1.837187,32.07916,4.810651
3-BRSA-883-RJS,LQC_ParamElast,Barra Velha,4847.0624,56.23222,103.9677,5.70E+10,2.20E+10,4.59E+10,3.13E+10,7.53E+10,0.06255952,0.003091368,0.2932577,2.563061,2931.786,5420.682,1.848919,32.07439,4.734329
3-BRSA-883-RJS,LQC_ParamElast,Barra Velha,4847.2148,55.52055,101.8525,5.97E+10,2.32E+10,4.70E+10,3.16E+10,7.79E+10,0.0627889,0.000962536,0.2885969,2.585091,2992.709,5489.938,1.834479,33.44492,4.741491
3-BRSA-883-RJS,LQC_ParamElast,Barra Velha,4847.3672,54.60096,101.5744,6.05E+10,2.33E+10,4.96E+10,3.41E+10,8.07E+10,0.06304119,0.001091408,0.296782,2.590203,3000.756,5582.512,1.860368,31.49014,4.779869
3-BRSA-883-RJS,LQC_ParamElast,Barra Velha,4847.5196,54.06108,101.171,6.12E+10,2.35E+10,5.10E+10,3.53E+10,8.24E+10,0.06289168,0.002569499,0.3001768,2.591465,3012.727,5638.115,1.871429,31.50185,4.767612
3-BRSA-883-RJS,LQC_ParamElast,Barra Velha,4847.672,54.58549,100.4001,6.18E+10,2.39E+10,4.91E+10,3.31E+10,8.10E+10,0.06313944,0.005058422,0.2901412,2.598341,3035.876,5583.997,1.839371,29.73021,4.734277
3-BRSA-883-RJS,LQC_ParamElast,Barra Velha,4847.8244,54.94328,99.95004,6.22E+10,2.42E+10,4.79E+10,3.17E+10,8.02E+10,0.06578497,0.009414175,0.2834733,2.605849,3049.529,5547.559,1.819161,30.13102,4.699263
3-BRSA-883-RJS,LQC_ParamElast,Barra Velha,4847.9768,55.07264,99.89286,6.23E+10,2.43E+10,4.75E+10,3.13E+10,7.99E+10,0.06756119,0.01323149,0.28166,2.608529,3051.269,5534.511,1.813839,25.57195,4.674854
3-BRSA-883-RJS,LQC_ParamElast,Barra Velha,4848.1292,55.22923,99.81342,6.22E+10,2.43E+10,4.70E+10,3.08E+10,7.94E+10,0.07085683,0.01466652,0.2793625,2.608274,3053.698,5518.822,1.80726,24.06296,4.669562
3-BRSA-883-RJS,LQC_ParamElast,Barra Velha,4848.2816,55.32612,99.84002,6.22E+10,2.43E+10,4.68E+10,3.06E+10,7.92E+10,0.07345331,0.01251195,0.2784162,2.610006,3052.884,5509.153,1.804573,23.50115,4.678237
3-BRSA-883-RJS,LQC_ParamElast,Barra Velha,4848.434,55.31472,99.91933,6.23E+10,2.43E+10,4.70E+10,3.08E+10,7.94E+10,0.07479934,0.00818301,0.2790544,2.616451,3050.461,5510.287,1.806379,25.89895,4.690595
3-BRSA-883-RJS,LQC_ParamElast,Barra Velha,4848.5864,55.24938,99.79758,6.24E+10,2.44E+10,4.71E+10,3.08E+10,7.96E+10,0.07719865,0.006023326,0.279031,2.615985,3054.183,5516.805,1.806311,23.70255,4.725434
3-BRSA-883-RJS,LQC_ParamElast,Barra Velha,4848.7388,54.88417,99.24457,6.31E+10,2.46E+10,4.77E+10,3.13E+10,8.06E+10,0.07496747,0.00715802,0.2797153,2.611981,3071.214,5553.548,1.808257,24.53406,4.705425
3-BRSA-883-RJS,LQC_ParamElast,Barra Velha,4848.8912,54.75275,99.55775,6.27E+10,2.44E+10,4.82E+10,3.19E+10,8.08E+10,0.06921463,0.007566832,0.283194,2.607798,3061.547,5566.845,1.818317,22.38358,4.600775
3-BRSA-883-RJS,LQC_ParamElast,Barra Velha,4849.0436,55.39345,100.0782,6.17E+10,2.41E+10,4.66E+10,3.05E+10,7.87E+10,0.06280851,0.005771871,0.2791571,2.600232,3045.628,5502.569,1.806702,22.18562,4.462391
3-BRSA-883-RJS,LQC_ParamElast,Barra Velha,4849.196,55.74107,100.1505,6.12E+10,2.40E+10,4.54E+10,2.95E+10,7.74E+10,0.0582361,0.002460953,0.2755973,2.589239,3043.42,5468.157,1.796715,19.51902,4.356293
3-BRSA-883-RJS,LQC_ParamElast,Barra Velha,4849.3484,56.33556,100.4536,6.03E+10,2.37E+10,4.38E+10,2.80E+10,7.55E+10,0.05744932,0.000261288,0.2705901,2.577735,3034.242,5410.516,1.783147,18.35372,4.396077
3-BRSA-883-RJS,LQC_ParamElast,Barra Velha,4849.5008,56.87661,100.8794,5.97E+10,2.36E+10,4.27E+10,2.70E+10,7.41E+10,0.06385415,0.002382571,0.2669904,2.580449,3021.437,5359.021,1.773662,18.0508,4.461978
3-BRSA-883-RJS,LQC_ParamElast,Barra Velha,4849.6532,57.05119,101.5735,5.92E+10,2.33E+10,4.28E+10,2.73E+10,7.39E+10,0.07104379,0.007095552,0.2695579,2.590178,3000.802,5342.574,1.78039,19.22576,4.522155
3-BRSA-883-RJS,LQC_ParamElast,Barra Velha,4849.8056,57.11871,101.5899,5.94E+10,2.34E+10,4.29E+10,2.73E+10,7.41E+10,0.07967147,0.01029212,0.2688738,2.602294,3000.3,5336.256,1.778574,18.44413,4.485653
3-BRSA-883-RJS,LQC_ParamElast,Barra Velha,4849.958,57.24287,101.301,5.99E+10,2.37E+10,4.26E+10,2.68E+10,7.41E+10,0.08851632,0.009665259,0.2654447,2.615311,3008.857,5324.684,1.769673,18.29575,4.385462
3-BRSA-883-RJS,LQC_ParamElast,Barra Velha,4850.1104,57.04398,100.5222,6.09E+10,2.41E+10,4.27E+10,2.66E+10,7.49E+10,0.09275997,0.005253081,0.2625002,2.622416,3032.19,5343.257,1.762184,14.78786,4.26162
3-BRSA-883-RJS,LQC_ParamElast,Barra Velha,4850.2628,56.80841,100.2761,6.08E+10,2.41E+10,4.29E+10,2.69E+10,7.50E+10,0.09707284,0.004343155,0.2636826,2.605742,3039.607,5365.413,1.765166,16.07115,4.218847
3-BRSA-883-RJS,LQC_ParamElast,Barra Velha,4850.4152,56.73828,100.7503,6.00E+10,2.36E+10,4.30E+10,2.73E+10,7.46E+10,0.09748934,0.006670716,0.2677715,2.583849,3025.312,5372.036,1.775704,15.63672,4.261451
3-BRSA-883-RJS,LQC_ParamElast,Barra Velha,4850.5676,56.80156,101.0783,5.93E+10,2.34E+10,4.28E+10,2.73E+10,7.40E+10,0.09199589,0.01043933,0.2692245,2.568853,3015.488,5366.051,1.779498,17.15721,4.357427
3-BRSA-883-RJS,LQC_ParamElast,Barra Velha,4850.72,56.63949,101.0912,5.95E+10,2.34E+10,4.33E+10,2.77E+10,7.45E+10,0.08116784,0.01342108,0.2712262,2.573866,3015.1,5381.412,1.78482,16.94566,4.42887
3-BRSA-883-RJS,LQC_ParamElast,Barra Velha,4850.8724,56.62053,101.2726,5.94E+10,2.33E+10,4.36E+10,2.80E+10,7.47E+10,0.06796829,0.01293785,0.2726399,2.577209,3009.7,5383.207,1.78862,17.64178,4.424867
3-BRSA-883-RJS,LQC_ParamElast,Barra Velha,4851.0248,56.10969,101.1524,5.98E+10,2.34E+10,4.49E+10,2.93E+10,7.61E+10,0.05211503,0.009432558,0.2777663,2.577947,3013.275,5432.283,1.802781,20.38937,4.385867
3-BRSA-883-RJS,LQC_ParamElast,Barra Velha,4851.1772,55.03731,99.79206,6.20E+10,2.42E+10,4.73E+10,3.11E+10,7.95E+10,0.04125904,0.006870445,0.2814324,2.591938,3054.431,5538.326,1.813194,19.91838,4.316271
3-BRSA-883-RJS,LQC_ParamElast,Barra Velha,4851.3296,54.32186,99.20288,6.37E+10,2.48E+10,4.96E+10,3.31E+10,8.26E+10,0.037288,0.005743238,0.2858669,2.622073,3072.499,5611.091,1.826224,20.06163,4.251976
3-BRSA-883-RJS,LQC_ParamElast,Barra Velha,4851.482,54.92286,98.91555,6.45E+10,2.52E+10,4.82E+10,3.14E+10,8.19E+10,0.04004,0.005771784,0.2771089,2.658558,3081.419,5549.73,1.80104,20.09266,4.155441
3-BRSA-883-RJS,LQC_ParamElast,Barra Velha,4851.6344,53.35029,98.436,6.65E+10,2.57E+10,5.33E+10,3.62E+10,8.77E+10,0.04818854,0.006456945,0.2919692,2.684479,3096.438,5713.993,1.845312,21.11532,4.043192
3-BRSA-883-RJS,LQC_ParamElast,Barra Velha,4851.7868,53.36488,98.6974,6.66E+10,2.58E+10,5.38E+10,3.66E+10,8.81E+10,0.05190834,0.006220528,0.2934386,2.701216,3088.232,5711.643,1.849485,20.53165,3.900509
3-BRSA-883-RJS,LQC_ParamElast,Barra Velha,4851.9392,54.57806,97.7366,6.69E+10,2.63E+10,4.93E+10,3.17E+10,8.43E+10,0.05169357,0.003723706,0.2732689,2.702893,3118.635,5585.051,1.790952,19.01497,3.727754
3-BRSA-883-RJS,LQC_ParamElast,Barra Velha,4852.0916,54.93432,96.98991,6.72E+10,2.66E+10,4.74E+10,2.97E+10,8.29E+10,0.0482111,0.001245906,0.2638208,2.691533,3142.612,5548.453,1.76557,17.92645,3.496282
3-BRSA-883-RJS,LQC_ParamElast,Barra Velha,4852.244,55.14217,96.11619,6.72E+10,2.68E+10,4.56E+10,2.78E+10,8.13E+10,0.04456978,0.000123808,0.2546626,2.661706,3171.193,5527.539,1.743071,17.49592,3.309126
3-BRSA-883-RJS,LQC_ParamElast,Barra Velha,4852.3964,55.26913,95.86206,6.67E+10,2.67E+10,4.47E+10,2.69E+10,8.02E+10,0.04694033,9.24E-06,0.2510371,2.638167,3179.57,5514.835,1.734461,16.85264,3.311228
3-BRSA-883-RJS,LQC_ParamElast,Barra Velha,4852.5488,56.08036,95.3137,6.64E+10,2.69E+10,4.18E+10,2.39E+10,7.76E+10,0.05390102,5.03E-06,0.2351719,2.626771,3197.876,5435.222,1.699663,16.20776,3.580262
3-BRSA-883-RJS,LQC_ParamElast,Barra Velha,4852.7012,55.89812,94.22562,6.78E+10,2.76E+10,4.16E+10,2.32E+10,7.84E+10,0.06082485,0.005462071,0.2284659,2.636784,3234.843,5452.801,1.68566,18.83825,3.977136
3-BRSA-883-RJS,LQC_ParamElast,Barra Velha,4852.8536,53.99188,93.7223,7.01E+10,2.80E+10,4.71E+10,2.84E+10,8.44E+10,0.06405642,0.01039102,0.2514937,2.647485,3252.168,5646.256,1.736123,18.18757,4.254653
3-BRSA-883-RJS,LQC_ParamElast,Barra Velha,4853.006,53.79532,95.09309,6.88E+10,2.72E+10,4.87E+10,3.06E+10,8.50E+10,0.06379242,0.01174707,0.2646242,2.646807,3205.387,5665.922,1.767678,18.83359,4.283082
3-BRSA-883-RJS,LQC_ParamElast,Barra Velha,4853.1584,53.62889,96.95662,6.67E+10,2.61E+10,5.04E+10,3.30E+10,8.52E+10,0.06443491,0.01194259,0.2795069,2.636781,3143.811,5683.513,1.807936,16.22164,4.134386
3-BRSA-883-RJS,LQC_ParamElast,Barra Velha,4853.3108,54.41853,97.35724,6.54E+10,2.57E+10,4.80E+10,3.09E+10,8.22E+10,0.0695209,0.01110527,0.2727758,2.621315,3130.739,5601.222,1.7891,16.01484,4.043238
3-BRSA-883-RJS,LQC_ParamElast,Barra Velha,4853.4632,54.83891,100.4596,6.18E+10,2.40E+10,4.85E+10,3.25E+10,8.05E+10,0.07930977,0.01242688,0.2876111,2.607167,3034.487,5558.123,1.831867,16.03729,4.148798
3-BRSA-883-RJS,LQC_ParamElast,Barra Velha,4853.6156,55.59348,100.175,6.14E+10,2.40E+10,4.60E+10,3.00E+10,7.80E+10,0.09280834,0.01192921,0.2774065,2.595194,3042.701,5482.791,1.801988,16.70105,4.379528
3-BRSA-883-RJS,LQC_ParamElast,Barra Velha,4853.768,55.13947,101.1303,6.07E+10,2.35E+10,4.78E+10,3.21E+10,7.92E+10,0.1075971,0.007591341,0.2884087,2.592094,3013.983,5527.884,1.834138,17.16501,4.549202
3-BRSA-883-RJS,LQC_ParamElast,Barra Velha,4853.9204,56.01497,102.5984,5.89E+10,2.29E+10,4.63E+10,3.10E+10,7.68E+10,0.1197551,0.000940505,0.2876751,2.591917,2970.877,5441.641,1.831646,15.84434,4.558957
3-BRSA-883-RJS,LQC_ParamElast,Barra Velha,4854.0728,57.71505,103.4355,5.72E+10,2.24E+10,4.22E+10,2.72E+10,7.21E+10,0.1252461,1.96E-05,0.2739041,2.583956,2946.78,5281.7,1.792328,16.47983,4.486557
3-BRSA-883-RJS,LQC_ParamElast,Barra Velha,4854.2252,58.64383,103.971,5.58E+10,2.20E+10,3.99E+10,2.52E+10,6.93E+10,0.1188098,6.52E-06,0.2667048,2.563748,2931.595,5197.588,1.772947,21.68492,4.449186
3-BRSA-883-RJS,LQC_ParamElast,Barra Velha,4854.3776,59.61046,104.6221,5.42E+10,2.15E+10,3.76E+10,2.33E+10,6.63E+10,0.1245195,0.003715951,0.2596503,2.5352,2913.356,5113.356,1.75513,40.57114,4.441309
3-BRSA-883-RJS,LQC_ParamElast,Barra Velha,4854.53,60.13981,106.4989,5.21E+10,2.06E+10,3.71E+10,2.34E+10,6.45E+10,0.1529684,0.009621256,0.2658768,2.512096,2862.122,5068.224,1.770838,53.42446,4.523088
3-BRSA-883-RJS,LQC_ParamElast,Barra Velha,4854.6824,60.65519,107.7197,5.11E+10,2.02E+10,3.67E+10,2.33E+10,6.36E+10,0.194281,0.009576607,0.2678662,2.517748,2829.601,5025.168,1.775932,57.42063,4.613738
3-BRSA-883-RJS,LQC_ParamElast,Barra Velha,4854.8348,61.07972,109.2868,4.99E+10,1.96E+10,3.66E+10,2.35E+10,6.27E+10,0.2313686,0.01732471,0.2728565,2.517789,2789.062,4990.226,1.789238,45.63666,4.615813
3-BRSA-883-RJS,LQC_ParamElast,Barra Velha,4854.9872,62.1287,110.9426,4.73E+10,1.86E+10,3.45E+10,2.21E+10,5.93E+10,0.2041403,0.01310522,0.2715556,2.465323,2747.436,4906.134,1.785704,38.09888,4.47233
3-BRSA-883-RJS,LQC_ParamElast,Barra Velha,4855.1396,64.19152,117.1971,4.11E+10,1.60E+10,3.19E+10,2.13E+10,5.33E+10,0.1489565,0.008005595,0.2855432,2.360571,2601.815,4748.932,1.825561,30.49795,4.23245
3-BRSA-883-RJS,LQC_ParamElast,Barra Velha,4855.292,65.24796,121.1628,3.72E+10,1.44E+10,3.03E+10,2.08E+10,4.95E+10,0.09804737,0.008162955,0.2957251,2.267319,2515.868,4671.508,1.856915,30.92811,4.107061
3-BRSA-883-RJS,LQC_ParamElast,Barra Velha,4855.4444,72.1892,121.886,3.46E+10,1.41E+10,2.16E+10,1.22E+10,4.04E+10,0.0615097,0.00788724,0.2283697,2.25489,2500.699,4228.309,1.690795,31.38013,4.064089
3-BRSA-883-RJS,LQC_ParamElast,Barra Velha,4855.5968,73.95998,120.7013,3.53E+10,1.47E+10,1.96E+10,9.75E+09,3.92E+10,0.05126764,0.007177945,0.1992777,2.305912,2525.281,4121.213,1.632032,37.43242,4.020703
3-BRSA-883-RJS,LQC_ParamElast,Barra Velha,4855.7492,70.06112,117.798,3.95E+10,1.61E+10,2.41E+10,1.34E+10,4.56E+10,0.04699679,0.007666471,0.2261865,2.40461,2587.681,4352.495,1.681823,36.56719,3.838997
3-BRSA-883-RJS,LQC_ParamElast,Barra Velha,4855.9016,62.57315,105.9165,5.14E+10,2.09E+10,3.20E+10,1.81E+10,5.98E+10,0.04901272,0.009315903,0.2319497,2.505283,2882.314,4879.093,1.692728,35.09884,3.617981
3-BRSA-883-RJS,LQC_ParamElast,Barra Velha,4856.054,58.02309,100.4183,5.99E+10,2.40E+10,3.99E+10,2.39E+10,7.19E+10,0.05745848,0.01101045,0.249406,2.598801,3035.925,5255.814,1.731002,38.55735,3.511125
3-BRSA-883-RJS,LQC_ParamElast,Barra Velha,4856.2064,55.09568,100.274,6.30E+10,2.45E+10,4.86E+10,3.23E+10,8.13E+10,0.06795989,0.01069301,0.283453,2.654601,3039.679,5533.696,1.820539,55.83696,3.581497
3-BRSA-883-RJS,LQC_ParamElast,Barra Velha,4856.3588,54.76542,99.33727,6.44E+10,2.51E+10,4.92E+10,3.24E+10,8.27E+10,0.09273899,0.01019468,0.2816474,2.669498,3068.38,5565.556,1.81387,75.80634,3.721419
3-BRSA-883-RJS,LQC_ParamElast,Barra Velha,4856.5112,54.15273,99.89356,6.40E+10,2.48E+10,5.12E+10,3.47E+10,8.42E+10,0.1191245,0.007409444,0.2918561,2.658574,3051.27,5628.632,1.84472,90.39436,3.790034
3-BRSA-883-RJS,LQC_ParamElast,Barra Velha,4856.6636,55.68271,100.5653,6.19E+10,2.42E+10,4.67E+10,3.06E+10,7.90E+10,0.1379167,0.006125885,0.2788776,2.635458,3030.881,5474.574,1.806228,84.9957,3.741714
3-BRSA-883-RJS,LQC_ParamElast,Barra Velha,4856.816,60.29847,105.4943,5.49E+10,2.18E+10,3.78E+10,2.33E+10,6.70E+10,0.141874,0.007874371,0.2574032,2.613312,2890.192,5059.047,1.750068,72.78603,3.544458
3-BRSA-883-RJS,LQC_ParamElast,Barra Velha,4856.9684,63.93129,110.2779,4.93E+10,1.98E+10,3.25E+10,1.93E+10,5.88E+10,0.1247285,0.01048212,0.2469157,2.584126,2764.5,4769.219,1.725066,61.0059,3.23921
3-BRSA-883-RJS,LQC_ParamElast,Barra Velha,4857.1208,65.39215,111.6512,4.68E+10,1.89E+10,2.99E+10,1.73E+10,5.51E+10,0.09723143,0.01071717,0.2389308,2.535234,2729.949,4661.28,1.707445,53.07275,2.931547
3-BRSA-883-RJS,LQC_ParamElast,Barra Velha,4857.2732,64.27289,112.6561,4.58E+10,1.82E+10,3.16E+10,1.95E+10,5.59E+10,0.07852872,0.007686775,0.2585667,2.483967,2705.605,4742.548,1.752916,42.6926,2.721243
3-BRSA-883-RJS,LQC_ParamElast,Barra Velha,4857.4256,62.20388,111.445,4.68E+10,1.84E+10,3.45E+10,2.23E+10,5.90E+10,0.06990474,0.003526502,0.2737172,2.456788,2735.04,4900.661,1.79175,33.63511,2.745557
3-BRSA-883-RJS,LQC_ParamElast,Barra Velha,4857.578,60.43808,110.0508,4.88E+10,1.90E+10,3.77E+10,2.50E+10,6.30E+10,0.06770571,0.00044557,0.2840653,2.477003,2769.679,5043.62,1.820974,28.69469,3.026065
3-BRSA-883-RJS,LQC_ParamElast,Barra Velha,4857.7304,59.06076,107.8784,5.20E+10,2.02E+10,4.05E+10,2.70E+10,6.74E+10,0.06578365,0.000285463,0.2859923,2.529954,2825.543,5161.075,1.826573,31.28288,3.562655
3-BRSA-883-RJS,LQC_ParamElast,Barra Velha,4857.8828,55.70104,103.5718,5.81E+10,2.24E+10,4.76E+10,3.27E+10,7.75E+10,0.06407787,0.005963745,0.29656,2.583171,2943.516,5474.596,1.859701,32.18297,4.060671
3-BRSA-883-RJS,LQC_ParamElast,Barra Velha,4858.0352,54.52192,100.8922,6.19E+10,2.39E+10,5.00E+10,3.41E+10,8.20E+10,0.06343513,0.01236767,0.2937359,2.622074,3021.232,5590.55,1.850462,32.61025,4.354189
3-BRSA-883-RJS,LQC_ParamElast,Barra Velha,4858.1876,54.74414,99.98344,6.32E+10,2.46E+10,4.92E+10,3.28E+10,8.19E+10,0.06203139,0.01754778,0.2859035,2.642854,3048.521,5567.749,1.826396,26.79384,4.419836
3-BRSA-883-RJS,LQC_ParamElast,Barra Velha,4858.34,54.70422,98.92178,6.43E+10,2.51E+10,4.87E+10,3.19E+10,8.22E+10,0.06004242,0.02050962,0.2797155,2.646826,3081.266,5571.784,1.808299,20.94922,4.481366
3-BRSA-883-RJS,LQC_ParamElast,Barra Velha,4858.4924,53.40496,99.27497,6.46E+10,2.49E+10,5.29E+10,3.63E+10,8.61E+10,0.06039031,0.02061413,0.2962691,2.64146,3070.271,5707.813,1.859098,19.95707,4.576314
3-BRSA-883-RJS,LQC_ParamElast,Barra Velha,4858.6448,52.0167,99.88879,6.44E+10,2.45E+10,5.78E+10,4.14E+10,9.04E+10,0.05997827,0.0138738,0.3138725,2.633631,3051.407,5860.106,1.920504,23.20399,4.619305
3-BRSA-883-RJS,LQC_ParamElast,Barra Velha,4858.7972,52.23842,99.57585,6.47E+10,2.47E+10,5.68E+10,4.03E+10,8.97E+10,0.05770914,0.007621066,0.310124,2.633638,3060.99,5834.837,1.906206,28.20612,4.509638
3-BRSA-883-RJS,LQC_ParamElast,Barra Velha,4858.9496,53.49246,98.99001,6.47E+10,2.50E+10,5.23E+10,3.56E+10,8.57E+10,0.05172287,0.003999917,0.2936753,2.638093,3079.112,5698.427,1.850713,28.76442,4.33086
3-BRSA-883-RJS,LQC_ParamElast,Barra Velha,4859.102,54.30581,98.55742,6.50E+10,2.54E+10,4.97E+10,3.28E+10,8.35E+10,0.04434878,0.0027945,0.2819789,2.651966,3092.619,5612.774,1.814908,29.19703,4.101056
3-BRSA-883-RJS,LQC_ParamElast,Barra Velha,4859.2544,54.96164,97.32533,6.61E+10,2.61E+10,4.71E+10,2.96E+10,8.19E+10,0.04292659,0.002255067,0.2657861,2.661633,3131.832,5545.772,1.770847,24.86543,3.939441
3-BRSA-883-RJS,LQC_ParamElast,Barra Velha,4859.4068,53.75109,96.74791,6.75E+10,2.64E+10,5.04E+10,3.28E+10,8.57E+10,0.05060464,0.000692103,0.2767133,2.663587,3150.464,5671.058,1.800049,22.70883,3.802344
3-BRSA-883-RJS,LQC_ParamElast,Barra Velha,4859.5592,53.60973,96.37125,6.79E+10,2.66E+10,5.05E+10,3.28E+10,8.60E+10,0.06041183,0.000194448,0.2759345,2.658952,3162.774,5685.536,1.797646,19.89246,3.716271
3-BRSA-883-RJS,LQC_ParamElast,Barra Velha,4859.7116,53.85028,96.12789,6.78E+10,2.67E+10,4.94E+10,3.16E+10,8.50E+10,0.07019191,0.000146892,0.271324,2.652936,3170.778,5660.153,1.785103,20.75894,3.638387
3-BRSA-883-RJS,LQC_ParamElast,Barra Velha,4859.864,55.06469,95.98816,6.70E+10,2.67E+10,4.56E+10,2.78E+10,8.12E+10,0.07713646,0.000226097,0.2546645,2.647996,3175.392,5535.69,1.743316,19.24804,3.630921
3-BRSA-883-RJS,LQC_ParamElast,Barra Velha,4860.0164,55.13868,96.26055,6.64E+10,2.64E+10,4.53E+10,2.77E+10,8.06E+10,0.07663787,0.000995204,0.2558282,2.636168,3166.41,5527.883,1.745792,21.17709,3.71191
3-BRSA-883-RJS,LQC_ParamElast,Barra Velha,4860.1688,54.25726,97.02245,6.60E+10,2.59E+10,4.84E+10,3.11E+10,8.29E+10,0.07446241,0.003608564,0.2723872,2.628028,3141.567,5617.89,1.78829,20.12613,3.845014
3-BRSA-883-RJS,LQC_ParamElast,Barra Velha,4860.3212,55.04644,98.19254,6.44E+10,2.53E+10,4.68E+10,3.00E+10,8.06E+10,0.07218261,0.005535821,0.2708526,2.62969,3104.16,5537.373,1.783839,22.32449,3.938821
3-BRSA-883-RJS,LQC_ParamElast,Barra Velha,4860.4736,55.94955,98.75279,6.34E+10,2.51E+10,4.47E+10,2.80E+10,7.81E+10,0.06997631,0.005278586,0.2636217,2.631335,3086.503,5447.917,1.765067,22.85213,4.072811
3-BRSA-883-RJS,LQC_ParamElast,Barra Velha,4860.626,56.31544,99.38258,6.25E+10,2.47E+10,4.40E+10,2.75E+10,7.70E+10,0.06842026,0.002992745,0.2635182,2.628105,3066.951,5412.386,1.764747,22.34794,4.241098
3-BRSA-883-RJS,LQC_ParamElast,Barra Velha,4860.7784,54.71213,99.77145,6.28E+10,2.45E+10,4.87E+10,3.24E+10,8.14E+10,0.06864118,0.000464011,0.284835,2.62027,3054.986,5571.698,1.823831,21.44039,4.419614
3-BRSA-883-RJS,LQC_ParamElast,Barra Velha,4860.9308,54.90921,100.572,6.20E+10,2.41E+10,4.87E+10,3.26E+10,8.08E+10,0.06791485,4.41E-05,0.2876661,2.622596,3030.69,5551.034,1.831606,19.5838,4.551991
3-BRSA-883-RJS,LQC_ParamElast,Barra Velha,4861.0832,55.35437,101.5651,6.09E+10,2.36E+10,4.81E+10,3.23E+10,7.96E+10,0.06681104,1.17E-05,0.2887201,2.624162,3001.065,5506.378,1.834813,22.93739,4.621618
3-BRSA-883-RJS,LQC_ParamElast,Barra Velha,4861.2356,55.47588,101.3626,6.11E+10,2.37E+10,4.76E+10,3.18E+10,7.93E+10,0.06585012,9.02E-06,0.2861809,2.625441,3007.031,5494.281,1.827148,22.71404,4.668843
3-BRSA-883-RJS,LQC_ParamElast,Barra Velha,4861.388,55.47865,101.3618,6.11E+10,2.37E+10,4.76E+10,3.18E+10,7.93E+10,0.06519015,3.68E-06,0.2861493,2.626329,3007.05,5494.006,1.827042,24.27601,4.655186
3-BRSA-883-RJS,LQC_ParamElast,Barra Velha,4861.5404,55.36109,101.3955,6.12E+10,2.38E+10,4.80E+10,3.22E+10,7.97E+10,0.06467848,2.89E-06,0.2876403,2.630065,3006.05,5505.676,1.831532,22.1433,4.654804
3-BRSA-883-RJS,LQC_ParamElast,Barra Velha,4861.6928,55.04843,100.8226,6.19E+10,2.40E+10,4.86E+10,3.26E+10,8.07E+10,0.06385441,7.57E-06,0.2876394,2.6309,3023.145,5536.966,1.831526,22.89596,4.681166
3-BRSA-883-RJS,LQC_ParamElast,Barra Velha,4861.8452,54.79179,100.0846,6.27E+10,2.44E+10,4.89E+10,3.26E+10,8.14E+10,0.06555004,0.000979262,0.2860112,2.62947,3045.442,5562.889,1.826633,25.06305,4.691046
3-BRSA-883-RJS,LQC_ParamElast,Barra Velha,4861.9976,54.28446,99.58011,6.34E+10,2.46E+10,5.00E+10,3.36E+10,8.28E+10,0.0683525,0.002405717,0.2885889,2.625726,3060.86,5614.93,1.834424,28.934,4.692049
3-BRSA-883-RJS,LQC_ParamElast,Barra Velha,4862.15,53.39844,97.62596,6.58E+10,2.56E+10,5.13E+10,3.43E+10,8.54E+10,0.06598132,0.002939342,0.2865452,2.62131,3122.291,5708.226,1.828238,36.0103,4.725225
3-BRSA-883-RJS,LQC_ParamElast,Barra Velha,4862.3024,53.69604,97.18842,6.64E+10,2.59E+10,5.04E+10,3.31E+10,8.50E+10,0.04737232,0.000547557,0.2803041,2.637728,3136.177,5676.447,1.809993,42.43042,4.815676
3-BRSA-883-RJS,LQC_ParamElast,Barra Velha,4862.4548,53.67959,93.79365,7.13E+10,2.84E+10,4.88E+10,2.98E+10,8.66E+10,0.02668999,0.001174542,0.2561562,2.68616,3250.289,5678.137,1.747274,54.0852,4.924319
3-BRSA-883-RJS,LQC_ParamElast,Barra Velha,4862.6072,52.88135,92.75921,7.47E+10,2.96E+10,5.17E+10,3.19E+10,9.12E+10,0.01603952,0.001461847,0.2592458,2.745429,3285.943,5764.033,1.754135,56.67091,4.912438
3-BRSA-883-RJS,LQC_ParamElast,Barra Velha,4862.7596,52.6834,94.15506,7.42E+10,2.91E+10,5.42E+10,3.48E+10,9.31E+10,0.01317744,0.001726326,0.2720397,2.781235,3237.332,5785.506,1.787193,55.47099,4.839794
3-BRSA-883-RJS,LQC_ParamElast,Barra Velha,4862.912,52.38999,95.80521,7.26E+10,2.82E+10,5.67E+10,3.79E+10,9.43E+10,0.01360674,0.002886975,0.28662,2.785845,3181.562,5817.931,1.828722,52.65157,-9999
3-BRSA-883-RJS,LQC_ParamElast,Barra Velha,4863.0644,51.76004,98.05857,7.02E+10,2.69E+10,6.06E+10,4.27E+10,9.64E+10,0.01252782,0.005669011,0.3067151,2.778692,3108.549,5888.824,1.894585,56.24199,-9999
